placa,data,litros,valor,condutor,km
RLL-8062,2025-11-20,"31,5","190,58",COND-021,42299
RLL8062,28/11/2025,"28,0","155,20",COND-007,42668
RLL-8062,07/12/2025,"37,0","224,08",COND-007,43156
RLL-8062,2025-12-16,"32,9","204,03",COND-007,43590
RLL8062,2025-12-23,"25,5","158,12",COND-021,43926
RLL-8062,02/01/2026,"36,0","195,85",COND-021,44401
RLL8062,2026-01-10,"31,5","193,57",COND-014,44817
RLL-8062,2026-01-19,"34,6","193,52",COND-007,45274
RLL-8062,2026-01-29,"37,9","227,84",COND-007,45774
RLL-8062,08/02/2026,"36,6","223,61",COND-007,46257
RLL-8062,2026-02-15,"27,2","173,54",COND-007,46616
RLL8062,24/02/2026,"32,4","179,66",COND-014,47044
RLL8062,2026-03-05,"32,5","198,24",COND-007,47473
RLL-8062,13/03/2026,"31,5","182,83",COND-007,47889
RLL-8062,20/03/2026,"26,5","150,47",COND-021,48239
RLL-8062,29/03/2026,"33,3","193,53",COND-014,48678
RLL-8062,07/04/2026,"32,7","186,95",COND-014,49109
RLL8062,2026-04-14,"27,7","165,44",COND-014,49475
RLL-8062,2026-04-23,"33,4","202,15",COND-014,49916
RLL-8062,2026-05-01,"30,6","184,40",COND-014,50319
RLL8062,2026-05-11,"34,6","217,51",COND-021,50776
RLL8062,20/05/2026,"35,5","202,86",COND-014,51244
RLL8062,27/05/2026,"26,3","143,92",COND-007,51591
RLL-8062,2026-06-04,"29,2","162,73",COND-007,51976
RLL8062,11/06/2026,"24,9","155,06",COND-021,52305
RLL-8062,2026-06-19,"32,8","181,05",COND-007,52738
RLL-8062,2026-06-30,"38,1","235,16",COND-007,53241
RLL-8062,08/07/2026,"29,9","180,62",COND-021,53636
TND8453,2025-11-20,"24,7","154,04",COND-006,30090
TND-8453,20/12/2025,"38,1","211,13",COND-059,30534
TND-8453,09/01/2026,"25,8","158,81",COND-059,30835
TND-8453,31/01/2026,"27,2","171,55",COND-006,31152
TND8453,22/02/2026,"28,6","168,46",COND-006,31486
TND8453,2026-03-16,"28,0","174,82",COND-006,31812
TND-8453,12/04/2026,"33,8","208,31",COND-059,32206
TND-8453,2026-05-05,"29,2","182,34",COND-052,32547
TND8453,2026-06-02,"36,2","213,75",COND-006,32969
TND8453,25/06/2026,"29,3","172,84",COND-059,33311
OLL-2058,18/11/2025,"31,0","172,90",COND-003,130037
OLL-2058,2025-11-23,"37,2","217,55",COND-003,130355
OLL2058,2025-11-26,"24,8","140,81",COND-056,130567
OLL2058,2025-12-01,"33,1","194,55",COND-056,130850
OLL2058,2025-12-05,"34,4","218,89",COND-003,131144
OLL2058,2025-12-09,"34,6","202,07",COND-003,131440
OLL-2058,2025-12-14,"37,8","241,34",COND-056,131763
OLL-2058,2025-12-18,"29,4","162,40",COND-056,132014
OLL-2058,2025-12-22,"31,3","199,87",COND-003,132282
OLL2058,2025-12-27,"35,4","194,16",COND-010,132585
OLL-2058,01/01/2026,"37,2","231,48",COND-056,132903
OLL2058,2026-01-04,"26,2","159,17",COND-003,133127
OLL2058,09/01/2026,"36,4","223,48",COND-056,133438
OLL-2058,2026-01-13,"33,1","207,14",COND-003,133721
OLL-2058,2026-01-17,"33,8","183,52",COND-010,134010
OLL-2058,2026-01-21,"28,0","175,08",COND-056,134249
OLL-2058,25/01/2026,"28,8","172,52",COND-010,134495
OLL-2058,2026-01-28,"27,3","149,74",COND-056,134728
OLL-2058,02/02/2026,"35,6","227,80",COND-010,135032
OLL2058,2026-02-06,"32,4","207,28",COND-003,135309
OLL-2058,10/02/2026,"29,9","188,83",COND-003,135565
OLL-2058,13/02/2026,"25,6","143,41",COND-010,135784
OLL-2058,2026-02-17,"33,2","190,68",COND-056,136068
OLL2058,22/02/2026,"32,0","181,91",COND-056,136342
OLL2058,2026-02-25,"29,1","183,59",COND-003,136591
OLL-2058,02/03/2026,"33,6","191,50",COND-010,136878
OLL-2058,2026-03-05,"26,8","168,15",COND-003,137107
OLL-2058,2026-03-10,"35,3","206,10",COND-056,137409
OLL2058,2026-03-14,"33,8","210,05",COND-010,137698
OLL2058,2026-03-18,"32,3","177,71",COND-003,137974
OLL-2058,2026-03-22,"31,6","184,32",COND-056,138244
OLL-2058,26/03/2026,"25,3","142,85",COND-003,138460
OLL-2058,30/03/2026,"31,7","181,09",COND-010,138731
OLL-2058,02/04/2026,"25,5","155,50",COND-010,138949
OLL-2058,06/04/2026,"30,1","175,08",COND-010,139206
OLL-2058,09/04/2026,"24,7","145,93",COND-056,139417
OLL2058,13/04/2026,"30,5","188,51",COND-003,139678
OLL2058,17/04/2026,"28,0","164,64",COND-003,139917
OLL-2058,20/04/2026,"29,1","184,21",COND-056,140166
OLL-2058,2026-04-24,"26,7","145,44",COND-056,140394
OLL-2058,27/04/2026,"24,8","138,59",COND-056,140606
OLL2058,2026-05-01,"28,0","167,14",COND-010,140845
OLL2058,04/05/2026,"24,8","155,08",COND-056,141057
OLL2058,08/05/2026,"36,3","205,25",COND-056,141367
OLL-2058,2026-05-13,"32,9","210,05",COND-003,141648
OLL-2058,17/05/2026,"35,4","212,43",COND-003,141951
OLL-2058,21/05/2026,"29,0","158,87",COND-010,142199
OLL2058,2026-05-25,"26,9","164,77",COND-003,142429
OLL2058,28/05/2026,"29,0","182,41",COND-056,142677
OLL2058,2026-06-02,"34,0","189,48",COND-003,142968
OLL2058,2026-06-05,"24,8","134,33",COND-010,143180
OLL2058,2026-06-10,"36,8","231,12",COND-003,143495
OLL2058,13/06/2026,"28,4","154,79",COND-010,143738
OLL2058,18/06/2026,"36,0","195,05",COND-010,144046
OLL2058,2026-06-23,"36,5","206,36",COND-010,144358
OLL2058,2026-06-27,"33,8","207,05",COND-010,144647
OLL2058,02/07/2026,"38,0","221,13",COND-003,144972
OLL-2058,2026-07-06,"31,7","184,11",COND-056,145243
OLL-2058,2026-07-10,"30,1","183,09",COND-003,145500
OLL2058,13/07/2026,"27,4","171,50",COND-003,145734
VET7J09,2025-11-18,"34,4","198,80",COND-060,26430
VET7J09,23/11/2025,"34,6","213,93",COND-060,26762
VET7J09,28/11/2025,"36,9","231,20",COND-060,27116
VET-7J09,2025-12-03,"27,5","168,95",COND-060,27380
VET7J09,07/12/2025,"29,8","182,36",COND-060,27666
VET7J09,12/12/2025,"29,0","174,25",COND-060,27944
VET-7J09,16/12/2025,"32,8","207,80",COND-060,28259
VET-7J09,21/12/2025,"29,8","172,66",COND-060,28545
VET7J09,26/12/2025,"34,0","195,14",COND-060,28871
VET7J09,30/12/2025,"26,0","159,99",COND-060,29121
VET7J09,03/01/2026,"27,4","153,05",COND-060,29384
VET-7J09,2026-01-07,"28,2","153,55",COND-060,29655
VET-7J09,13/01/2026,"33,5","197,50",COND-060,29977
VET7J09,2026-01-17,"28,6","176,31",COND-060,30252
VET7J09,23/01/2026,"38,0","242,53",COND-060,30617
VET7J09,27/01/2026,"26,6","151,74",COND-060,30872
VET7J09,01/02/2026,"36,1","217,20",COND-060,31219
VET7J09,2026-02-05,"28,1","156,24",COND-060,31489
VET-7J09,11/02/2026,"34,6","197,08",COND-060,31821
VET-7J09,2026-02-16,"35,0","216,03",COND-060,32157
VET-7J09,20/02/2026,"26,4","166,22",COND-060,32410
VET-7J09,25/02/2026,"36,1","201,42",COND-060,32757
VET7J09,2026-03-02,"28,0","171,09",COND-060,33026
VET-7J09,06/03/2026,"29,3","173,77",COND-060,33307
VET7J09,2026-03-10,"26,9","170,55",COND-060,33565
VET7J09,2026-03-15,"31,7","186,73",COND-060,33869
VET-7J09,2026-03-20,"30,5","168,72",COND-060,34162
VET-7J09,2026-03-24,"31,2","198,22",COND-060,34462
VET-7J09,28/03/2026,"27,5","155,46",COND-060,34726
VET7J09,03/04/2026,"37,1","212,27",COND-060,35082
VET-7J09,2026-04-08,"30,1","178,55",COND-060,35371
VET-7J09,13/04/2026,"35,7","219,26",COND-060,35714
VET-7J09,19/04/2026,"37,1","213,01",COND-060,36070
VET7J09,2026-04-24,"35,4","213,20",COND-060,36410
VET-7J09,2026-04-28,"27,6","174,54",COND-060,36675
VET-7J09,02/05/2026,"24,7","157,92",COND-060,36912
VET-7J09,2026-05-07,"30,8","170,29",COND-060,37208
VET-7J09,2026-05-11,"30,0","189,66",COND-060,37496
VET7J09,16/05/2026,"30,9","187,25",COND-060,37793
VET-7J09,2026-05-21,"37,5","215,35",COND-060,38153
VET-7J09,2026-05-27,"36,1","196,39",COND-060,38500
VET7J09,2026-06-01,"34,8","222,43",COND-060,38834
VET-7J09,2026-06-05,"28,8","182,81",COND-060,39110
VET7J09,2026-06-10,"30,1","179,45",COND-060,39399
VET7J09,16/06/2026,"37,0","215,31",COND-060,39754
VET-7J09,20/06/2026,"30,2","176,37",COND-060,40044
VET7J09,25/06/2026,"33,8","204,68",COND-060,40368
VET7J09,2026-06-30,"29,1","162,90",COND-060,40647
VET-7J09,04/07/2026,"28,0","169,90",COND-060,40916
VET7J09,2026-07-08,"26,6","151,18",COND-060,41171
VET7J09,2026-07-12,"27,4","162,81",COND-060,41434
MBO1T69,16/11/2025,"30,9","176,76",COND-050,339
MBO-1T69,2025-11-24,"33,9","183,85",COND-050,685
MBO1T69,2025-12-01,"32,9","192,27",COND-050,1021
MBO-1T69,2025-12-07,"29,0","172,39",COND-050,1317
MBO1T69,2025-12-14,"29,2","164,81",COND-050,1615
MBO1T69,2025-12-22,"36,1","230,25",COND-050,1983
MBO-1T69,29/12/2025,"35,0","205,82",COND-050,2340
MBO-1T69,2026-01-06,"33,4","190,02",COND-050,2681
MBO1T69,2026-01-12,"30,2","169,69",COND-050,2989
MBO-1T69,2026-01-18,"27,0","146,00",COND-050,3264
MBO1T69,26/01/2026,"36,1","199,93",COND-050,3632
MBO-1T69,02/02/2026,"30,0","191,96",COND-050,3938
MBO1T69,2026-02-08,"30,4","183,00",COND-050,4248
MBO1T69,14/02/2026,"25,7","142,33",COND-050,4510
MBO-1T69,2026-02-22,"36,7","222,53",COND-050,4884
MBO1T69,2026-02-28,"27,1","157,82",COND-050,5160
MBO1T69,2026-03-07,"33,9","205,19",COND-050,5506
MBO1T69,2026-03-14,"31,7","174,20",COND-050,5829
MBO-1T69,21/03/2026,"29,0","169,98",COND-050,6125
MBO1T69,2026-03-28,"33,8","194,46",COND-050,6470
MBO-1T69,2026-04-05,"35,8","208,24",COND-050,6835
MBO1T69,13/04/2026,"35,5","209,14",COND-050,7197
MBO-1T69,2026-04-21,"36,6","201,16",COND-050,7570
MBO-1T69,26/04/2026,"25,6","139,59",COND-050,7831
MBO1T69,2026-05-04,"35,2","191,31",COND-050,8190
MBO1T69,2026-05-10,"27,0","149,77",COND-050,8465
MBO-1T69,17/05/2026,"32,0","199,01",COND-050,8791
MBO1T69,2026-05-24,"34,7","196,31",COND-050,9145
MBO-1T69,01/06/2026,"34,8","204,09",COND-050,9500
MBO-1T69,07/06/2026,"27,5","169,17",COND-050,9781
MBO1T69,13/06/2026,"27,1","151,09",COND-050,10057
MBO1T69,21/06/2026,"38,0","210,41",COND-050,10445
MBO1T69,2026-06-28,"30,0","188,25",COND-050,10751
MBO1T69,04/07/2026,"27,3","153,45",COND-050,11029
MBO1T69,2026-07-11,"34,6","206,44",COND-050,11382
JUE-4D64,15/11/2025,"23,2","139,24",COND-048,11457
JUE4D64,24/11/2025,"34,9","217,31",COND-048,11831
JUE-4D64,2025-12-01,"28,4","168,18",COND-055,12135
JUE-4D64,2025-12-07,"25,6","138,27",COND-055,12409
JUE4D64,16/12/2025,"33,4","186,10",COND-055,12767
JUE-4D64,2025-12-25,"37,3","203,64",COND-048,13167
JUE-4D64,01/01/2026,"27,4","166,58",COND-048,13460
JUE-4D64,2026-01-08,"30,4","169,51",COND-048,13786
JUE-4D64,15/01/2026,"29,0","167,06",COND-048,14097
JUE4D64,2026-01-24,"33,0","184,98",COND-048,14450
JUE-4D64,2026-01-30,"26,1","143,74",COND-048,14729
JUE4D64,2026-02-08,"36,2","222,78",COND-048,15117
JUE-4D64,18/02/2026,"38,2","207,97",COND-048,15526
JUE-4D64,2026-02-26,"32,5","201,70",COND-055,15874
JUE4D64,05/03/2026,"31,5","185,65",COND-055,16211
JUE-4D64,13/03/2026,"32,6","180,21",COND-048,16560
JUE4D64,20/03/2026,"26,1","163,55",COND-055,16840
JUE4D64,2026-03-28,"30,5","184,01",COND-048,17167
JUE-4D64,2026-04-04,"30,0","171,88",COND-048,17488
JUE-4D64,12/04/2026,"33,6","200,07",COND-048,17848
JUE-4D64,2026-04-20,"29,8","163,74",COND-055,18167
JUE4D64,27/04/2026,"27,6","164,57",COND-048,18463
JUE4D64,2026-05-05,"35,9","227,16",COND-055,18847
JUE4D64,2026-05-15,"37,4","216,64",COND-048,19248
JUE4D64,2026-05-21,"24,7","134,33",COND-048,19513
JUE-4D64,29/05/2026,"34,7","216,95",COND-048,19885
JUE-4D64,2026-06-05,"24,7","152,81",COND-055,20150
JUE-4D64,2026-06-13,"32,3","183,15",COND-048,20496
JUE4D64,2026-06-20,"31,4","186,41",COND-055,20832
JUE4D64,27/06/2026,"27,3","163,64",COND-055,21124
JUE-4D64,2026-07-04,"26,1","162,11",COND-055,21403
JUE-4D64,12/07/2026,"32,9","191,64",COND-055,21755
QSC-3784,2025-11-18,"33,8","192,13",COND-040,10644
QSC3784,23/11/2025,"31,7","185,88",COND-040,10962
QSC3784,28/11/2025,"33,7","194,68",COND-047,11300
QSC-3784,03/12/2025,"31,7","177,97",COND-040,11618
QSC3784,07/12/2025,"29,3","161,06",COND-040,11912
QSC3784,2025-12-13,"37,9","207,72",COND-047,12292
QSC-3784,18/12/2025,"33,3","194,11",COND-040,12626
QSC-3784,2025-12-24,"38,1","242,27",COND-047,13008
QSC-3784,2025-12-29,"28,8","181,53",COND-047,13297
QSC3784,02/01/2026,"26,3","143,59",COND-047,13561
QSC3784,07/01/2026,"31,9","201,47",COND-047,13881
QSC-3784,11/01/2026,"25,5","162,40",COND-040,14137
QSC-3784,2026-01-15,"28,5","181,38",COND-040,14423
QSC3784,2026-01-20,"35,9","228,89",COND-047,14783
QSC3784,2026-01-25,"26,4","163,57",COND-047,15048
QSC-3784,30/01/2026,"37,8","230,76",COND-047,15427
QSC-3784,04/02/2026,"29,9","172,27",COND-047,15727
QSC3784,2026-02-09,"35,2","205,78",COND-040,16080
QSC-3784,2026-02-13,"25,2","140,05",COND-047,16333
QSC3784,18/02/2026,"31,7","200,86",COND-040,16651
QSC-3784,22/02/2026,"25,3","140,51",COND-040,16905
QSC3784,28/02/2026,"37,0","219,68",COND-047,17276
QSC3784,2026-03-05,"35,5","213,63",COND-040,17632
QSC-3784,2026-03-09,"25,9","145,71",COND-040,17892
QSC3784,14/03/2026,"29,8","183,89",COND-047,18191
QSC-3784,19/03/2026,"33,5","203,44",COND-040,18527
QSC3784,24/03/2026,"34,4","191,57",COND-047,18872
QSC3784,29/03/2026,"31,4","185,87",COND-040,19187
QSC-3784,04/04/2026,"38,1","224,27",COND-047,19569
QSC3784,09/04/2026,"32,7","184,03",COND-040,19897
QSC3784,15/04/2026,"38,0","223,02",COND-047,20278
QSC3784,20/04/2026,"35,8","216,52",COND-040,20637
QSC3784,26/04/2026,"33,3","208,33",COND-040,20971
QSC-3784,01/05/2026,"33,8","214,99",COND-047,21310
QSC3784,06/05/2026,"35,7","210,84",COND-047,21668
QSC-3784,2026-05-12,"34,8","192,48",COND-040,22017
QSC-3784,17/05/2026,"34,8","219,06",COND-040,22366
QSC-3784,2026-05-21,"26,8","150,02",COND-047,22635
QSC3784,27/05/2026,"36,6","225,48",COND-047,23002
QSC-3784,01/06/2026,"31,2","173,08",COND-040,23315
QSC3784,05/06/2026,"26,4","157,09",COND-040,23580
QSC3784,10/06/2026,"35,3","217,02",COND-040,23934
QSC-3784,16/06/2026,"35,8","201,94",COND-040,24293
QSC3784,20/06/2026,"30,0","169,23",COND-040,24594
QSC-3784,25/06/2026,"28,4","157,08",COND-047,24879
QSC3784,29/06/2026,"27,9","171,95",COND-040,25159
QSC3784,2026-07-04,"33,4","209,32",COND-040,25494
QSC-3784,10/07/2026,"37,0","229,08",COND-047,25865
QSC-3784,14/07/2026,"24,9","146,34",COND-040,26115
RVF8A77,2025-11-19,"24,0","135,00",COND-055,12834
RVF8A77,27/11/2025,"38,2","239,63",COND-048,13303
RVF8A77,03/12/2025,"28,3","169,98",COND-048,13651
RVF-8A77,10/12/2025,"32,2","183,42",COND-055,14047
RVF8A77,2025-12-19,"37,5","217,61",COND-048,14508
RVF8A77,25/12/2025,"27,3","152,21",COND-055,14844
RVF8A77,31/12/2025,"26,6","161,67",COND-055,15171
RVF-8A77,06/01/2026,"28,5","181,39",COND-055,15521
RVF8A77,12/01/2026,"28,2","174,16",COND-048,15867
RVF-8A77,2026-01-20,"36,0","202,07",COND-048,16309
RVF8A77,2026-01-26,"25,2","141,32",COND-055,16619
RVF8A77,31/01/2026,"25,9","150,10",COND-048,16937
RVF-8A77,2026-02-06,"27,3","158,61",COND-048,17273
RVF8A77,14/02/2026,"33,4","203,42",COND-055,17683
RVF8A77,2026-02-22,"37,2","210,03",COND-048,18140
RVF-8A77,28/02/2026,"26,0","152,57",COND-048,18460
RVF8A77,2026-03-06,"28,6","177,21",COND-048,18812
RVF-8A77,12/03/2026,"28,3","160,58",COND-048,19160
RVF8A77,19/03/2026,"30,1","169,30",COND-055,19530
RVF8A77,2026-03-25,"25,2","140,16",COND-048,19840
RVF8A77,02/04/2026,"37,1","231,91",COND-048,20296
RVF-8A77,2026-04-07,"25,4","159,19",COND-055,20608
RVF8A77,2026-04-13,"26,4","163,17",COND-055,20933
RVF8A77,2026-04-20,"30,7","192,69",COND-048,21310
RVF-8A77,28/04/2026,"34,8","197,94",COND-055,21738
RVF8A77,05/05/2026,"31,5","186,02",COND-055,22125
RVF8A77,2026-05-13,"37,0","208,93",COND-055,22580
RVF8A77,2026-05-20,"31,7","177,16",COND-048,22970
RVF-8A77,2026-05-28,"37,1","236,85",COND-055,23426
RVF-8A77,04/06/2026,"31,1","198,62",COND-055,23808
RVF-8A77,2026-06-10,"28,6","176,97",COND-055,24159
RVF8A77,18/06/2026,"36,6","208,67",COND-048,24609
RVF-8A77,26/06/2026,"33,6","209,31",COND-055,25022
RVF-8A77,03/07/2026,"34,3","204,55",COND-048,25444
RVF-8A77,2026-07-11,"36,4","197,68",COND-048,25891
NOA1G14,2025-11-18,"26,0","162,93",COND-010,13529
NOA-1G14,24/11/2025,"31,9","197,12",COND-010,13889
NOA1G14,2025-11-29,"25,0","158,96",COND-017,14172
NOA-1G14,2025-12-06,"31,9","187,45",COND-024,14532
NOA1G14,11/12/2025,"27,4","172,29",COND-024,14842
NOA1G14,2025-12-16,"26,6","169,50",COND-017,15143
NOA-1G14,22/12/2025,"29,2","162,62",COND-010,15473
NOA-1G14,27/12/2025,"25,7","164,22",COND-010,15763
NOA1G14,2026-01-03,"35,8","214,09",COND-017,16168
NOA1G14,10/01/2026,"33,4","197,80",COND-024,16545
NOA-1G14,2026-01-16,"29,4","172,51",COND-024,16877
NOA1G14,21/01/2026,"26,8","151,32",COND-010,17180
NOA-1G14,2026-01-28,"34,0","212,72",COND-010,17564
NOA1G14,02/02/2026,"27,6","168,05",COND-010,17876
NOA1G14,2026-02-09,"32,4","184,35",COND-017,18242
NOA1G14,2026-02-15,"33,1","183,21",COND-017,18616
NOA-1G14,22/02/2026,"33,9","185,57",COND-017,18999
NOA1G14,28/02/2026,"27,7","161,79",COND-010,19312
NOA1G14,07/03/2026,"35,9","213,45",COND-017,19718
NOA-1G14,2026-03-13,"33,1","209,46",COND-017,20092
NOA-1G14,2026-03-20,"32,8","201,31",COND-024,20463
NOA-1G14,2026-03-27,"37,2","219,24",COND-017,20883
NOA-1G14,02/04/2026,"30,8","171,89",COND-017,21231
NOA1G14,08/04/2026,"30,5","188,16",COND-010,21576
NOA1G14,15/04/2026,"32,4","179,96",COND-017,21942
NOA-1G14,2026-04-20,"29,1","175,81",COND-017,22271
NOA1G14,2026-04-26,"27,8","175,30",COND-017,22585
NOA-1G14,04/05/2026,"38,2","214,83",COND-024,23017
NOA1G14,2026-05-09,"28,2","168,70",COND-010,23336
NOA1G14,16/05/2026,"33,4","209,08",COND-017,23713
NOA-1G14,22/05/2026,"31,9","198,83",COND-010,24073
NOA1G14,30/05/2026,"38,0","239,63",COND-024,24502
NOA1G14,2026-06-04,"29,0","172,47",COND-017,24830
NOA-1G14,10/06/2026,"30,2","185,71",COND-017,25171
NOA1G14,16/06/2026,"26,5","148,10",COND-010,25470
NOA-1G14,22/06/2026,"35,0","208,39",COND-010,25865
NOA-1G14,28/06/2026,"27,1","164,11",COND-010,26171
NOA1G14,04/07/2026,"32,6","176,75",COND-010,26539
NOA-1G14,11/07/2026,"32,9","192,29",COND-017,26911
TOO0O73,16/11/2025,"24,9","156,97",COND-048,6922
TOO0O73,2025-11-24,"27,5","166,65",COND-048,7188
TOO-0O73,03/12/2025,"31,4","178,99",COND-048,7492
TOO-0O73,2025-12-11,"27,8","151,40",COND-041,7761
TOO0O73,2025-12-20,"30,7","185,55",COND-034,8058
TOO-0O73,31/12/2025,"35,6","217,58",COND-041,8403
TOO-0O73,08/01/2026,"28,0","152,39",COND-041,8674
TOO0O73,2026-01-17,"30,2","168,42",COND-041,8967
TOO0O73,2026-01-28,"37,3","202,09",COND-034,9328
TOO0O73,2026-02-05,"24,9","153,46",COND-034,9569
TOO0O73,2026-02-14,"32,1","175,85",COND-048,9880
TOO0O73,24/02/2026,"33,0","191,97",COND-041,10200
TOO0O73,04/03/2026,"25,7","157,54",COND-048,10449
TOO0O73,2026-03-13,"31,6","180,51",COND-034,10755
TOO-0O73,2026-03-21,"27,0","151,73",COND-041,11017
TOO0O73,01/04/2026,"34,6","194,29",COND-034,11352
TOO0O73,09/04/2026,"28,0","168,52",COND-048,11623
TOO-0O73,19/04/2026,"34,1","217,81",COND-048,11953
TOO-0O73,2026-04-28,"29,3","160,31",COND-048,12237
TOO0O73,2026-05-06,"28,6","164,02",COND-034,12514
TOO0O73,15/05/2026,"30,8","195,67",COND-048,12812
TOO-0O73,26/05/2026,"36,6","215,55",COND-034,13167
TOO-0O73,03/06/2026,"25,4","144,44",COND-048,13413
TOO-0O73,12/06/2026,"30,3","179,43",COND-048,13707
TOO-0O73,21/06/2026,"29,7","179,72",COND-041,13995
TOO-0O73,2026-06-29,"28,1","164,57",COND-034,14267
TOO-0O73,2026-07-09,"31,9","191,19",COND-041,14576
ZWA2V08,17/11/2025,"23,9","147,77",COND-032,148305
ZWA-2V08,2025-11-23,"32,8","202,17",COND-032,148690
ZWA2V08,30/11/2025,"33,2","210,13",COND-032,149080
ZWA-2V08,06/12/2025,"30,7","182,57",COND-032,149441
ZWA-2V08,2025-12-13,"38,1","206,36",COND-032,149888
ZWA2V08,19/12/2025,"29,0","170,51",COND-032,150229
ZWA2V08,24/12/2025,"26,5","144,47",COND-032,150540
ZWA-2V08,2025-12-31,"31,5","172,96",COND-032,150910
ZWA-2V08,2026-01-06,"31,5","200,69",COND-032,151280
ZWA-2V08,2026-01-13,"36,3","212,29",COND-032,151706
ZWA2V08,19/01/2026,"30,0","177,92",COND-032,152058
ZWA-2V08,25/01/2026,"28,8","156,41",COND-032,152396
ZWA2V08,01/02/2026,"33,9","189,21",COND-032,152794
ZWA2V08,07/02/2026,"29,5","169,59",COND-032,153140
ZWA2V08,12/02/2026,"29,6","185,08",COND-032,153487
ZWA-2V08,20/02/2026,"36,9","211,90",COND-032,153920
ZWA2V08,25/02/2026,"26,4","148,86",COND-032,154230
ZWA2V08,2026-03-04,"35,6","225,59",COND-032,154648
ZWA-2V08,11/03/2026,"34,3","219,27",COND-032,155051
ZWA-2V08,2026-03-17,"31,7","188,08",COND-032,155423
ZWA-2V08,22/03/2026,"24,9","157,56",COND-032,155715
ZWA-2V08,27/03/2026,"26,1","147,21",COND-032,156022
ZWA-2V08,02/04/2026,"28,4","158,84",COND-032,156356
ZWA-2V08,08/04/2026,"29,3","167,83",COND-032,156700
ZWA2V08,2026-04-13,"27,4","168,69",COND-032,157022
ZWA-2V08,2026-04-20,"31,5","186,85",COND-032,157392
ZWA2V08,27/04/2026,"35,0","218,55",COND-032,157803
ZWA-2V08,2026-05-04,"35,1","217,84",COND-032,158215
ZWA2V08,09/05/2026,"26,0","166,25",COND-032,158520
ZWA2V08,2026-05-15,"33,6","182,59",COND-032,158914
ZWA-2V08,22/05/2026,"32,9","205,85",COND-032,159300
ZWA-2V08,28/05/2026,"30,3","164,91",COND-032,159656
ZWA2V08,03/06/2026,"30,0","174,75",COND-032,160008
ZWA-2V08,2026-06-10,"36,8","214,40",COND-032,160440
ZWA2V08,16/06/2026,"30,3","171,42",COND-032,160796
ZWA-2V08,2026-06-22,"29,5","175,99",COND-032,161142
ZWA2V08,2026-06-28,"28,2","179,63",COND-032,161473
ZWA2V08,05/07/2026,"36,0","199,52",COND-032,161896
ZWA-2V08,2026-07-12,"35,8","214,23",COND-032,162316
OZR4448,2025-11-19,"32,2","175,77",COND-007,88252
OZR4448,27/11/2025,"31,6","178,81",COND-007,88540
OZR-4448,06/12/2025,"37,3","234,79",COND-007,88880
OZR-4448,15/12/2025,"34,4","200,99",COND-053,89193
OZR4448,25/12/2025,"38,2","223,67",COND-060,89541
OZR4448,2025-12-31,"25,9","142,81",COND-060,89777
OZR-4448,07/01/2026,"29,0","166,90",COND-007,90041
OZR4448,17/01/2026,"36,8","208,04",COND-007,90376
OZR-4448,2026-01-23,"25,2","152,55",COND-053,90606
OZR4448,01/02/2026,"37,5","230,57",COND-007,90948
OZR4448,09/02/2026,"29,0","167,28",COND-060,91212
OZR-4448,16/02/2026,"29,6","167,37",COND-007,91482
OZR-4448,23/02/2026,"28,2","169,96",COND-060,91739
OZR4448,2026-03-04,"35,1","202,84",COND-053,92059
OZR4448,12/03/2026,"31,7","200,02",COND-060,92348
OZR-4448,20/03/2026,"34,1","217,79",COND-053,92659
OZR4448,2026-03-28,"32,3","178,51",COND-007,92953
OZR4448,2026-04-07,"36,4","219,45",COND-060,93285
OZR-4448,2026-04-16,"36,1","226,31",COND-060,93614
OZR-4448,25/04/2026,"36,3","219,56",COND-007,93945
OZR-4448,02/05/2026,"29,3","178,84",COND-053,94212
OZR-4448,2026-05-11,"35,0","195,99",COND-060,94531
OZR-4448,19/05/2026,"34,2","205,56",COND-060,94843
OZR-4448,2026-05-28,"34,6","188,33",COND-007,95158
OZR-4448,07/06/2026,"37,5","230,87",COND-060,95500
OZR-4448,2026-06-14,"29,1","172,32",COND-053,95765
OZR-4448,23/06/2026,"36,8","235,34",COND-007,96100
OZR-4448,2026-06-30,"29,4","167,21",COND-007,96368
OZR-4448,08/07/2026,"31,4","198,42",COND-007,96654
SMS-1959,2025-11-16,"35,8","200,80",COND-036,120896
SMS-1959,2025-11-23,"31,4","187,79",COND-029,121234
SMS1959,30/11/2025,"30,5","185,74",COND-029,121562
SMS-1959,07/12/2025,"32,4","177,20",COND-036,121910
SMS-1959,2025-12-13,"28,6","175,14",COND-043,122217
SMS-1959,21/12/2025,"36,0","197,60",COND-036,122604
SMS-1959,2025-12-27,"27,9","165,96",COND-043,122904
SMS1959,02/01/2026,"31,3","184,69",COND-036,123241
SMS1959,2026-01-08,"25,4","149,29",COND-043,123514
SMS-1959,15/01/2026,"34,0","192,55",COND-036,123879
SMS-1959,22/01/2026,"31,0","177,53",COND-036,124212
SMS1959,2026-01-28,"29,7","164,83",COND-036,124531
SMS-1959,05/02/2026,"34,0","212,42",COND-029,124897
SMS1959,2026-02-10,"24,8","135,09",COND-029,125164
SMS1959,2026-02-17,"34,8","190,42",COND-029,125538
SMS1959,2026-02-24,"29,6","160,16",COND-043,125856
SMS1959,2026-03-02,"27,3","150,80",COND-029,126149
SMS1959,2026-03-09,"35,4","217,82",COND-029,126530
SMS-1959,2026-03-16,"32,2","183,46",COND-029,126876
SMS-1959,2026-03-24,"34,0","216,74",COND-043,127241
SMS1959,29/03/2026,"26,1","147,12",COND-036,127522
SMS-1959,2026-04-06,"37,3","206,04",COND-043,127923
SMS-1959,2026-04-14,"36,8","225,43",COND-029,128319
SMS1959,2026-04-21,"33,2","204,42",COND-043,128676
SMS1959,2026-04-28,"29,0","176,82",COND-036,128988
SMS1959,2026-05-05,"33,7","196,71",COND-036,129350
SMS-1959,2026-05-11,"27,4","162,74",COND-029,129645
SMS1959,2026-05-16,"25,4","147,43",COND-036,129918
SMS1959,2026-05-24,"34,4","207,83",COND-036,130288
SMS-1959,31/05/2026,"32,0","192,20",COND-043,130632
SMS-1959,2026-06-07,"36,5","221,89",COND-036,131024
SMS1959,2026-06-13,"27,7","169,91",COND-043,131322
SMS1959,2026-06-20,"29,3","171,30",COND-036,131637
SMS-1959,27/06/2026,"31,7","182,85",COND-036,131978
SMS1959,03/07/2026,"29,8","189,06",COND-029,132298
SMS1959,09/07/2026,"26,1","149,77",COND-043,132579
JRQ-6J90,16/11/2025,"30,7","195,22",COND-039,91219
JRQ6J90,2025-11-29,"37,2","233,75",COND-032,91698
JRQ-6J90,2025-12-12,"35,8","211,17",COND-025,92159
JRQ-6J90,25/12/2025,"37,6","234,22",COND-032,92643
JRQ6J90,07/01/2026,"37,3","221,28",COND-039,93124
JRQ-6J90,17/01/2026,"30,4","167,79",COND-025,93515
JRQ6J90,27/01/2026,"26,7","150,23",COND-039,93859
JRQ-6J90,2026-02-05,"26,9","160,41",COND-025,94206
JRQ6J90,2026-02-14,"26,8","169,20",COND-039,94551
JRQ6J90,2026-02-26,"33,2","199,87",COND-032,94979
JRQ6J90,11/03/2026,"37,7","225,66",COND-025,95464
JRQ6J90,20/03/2026,"24,8","146,56",COND-032,95784
JRQ-6J90,2026-03-29,"28,1","166,56",COND-032,96146
JRQ-6J90,2026-04-08,"27,0","154,43",COND-025,96494
JRQ-6J90,2026-04-20,"33,4","212,09",COND-032,96924
JRQ-6J90,28/04/2026,"25,1","142,13",COND-039,97247
JRQ6J90,2026-05-10,"33,9","208,37",COND-032,97683
JRQ-6J90,2026-05-21,"30,0","163,24",COND-025,98070
JRQ6J90,2026-05-29,"24,9","148,34",COND-039,98391
JRQ6J90,2026-06-09,"32,1","193,24",COND-039,98804
JRQ6J90,22/06/2026,"37,2","201,85",COND-025,99283
JRQ-6J90,02/07/2026,"27,3","147,53",COND-025,99635
JRQ6J90,2026-07-13,"30,8","178,71",COND-025,100032
LGT-9G72,15/11/2025,"26,5","167,30",COND-054,81386
LGT9G72,21/11/2025,"37,5","217,92",COND-054,81759
LGT-9G72,2025-11-27,"34,9","189,56",COND-054,82106
LGT9G72,2025-12-02,"33,7","193,82",COND-040,82441
LGT-9G72,07/12/2025,"31,4","193,83",COND-040,82753
LGT9G72,2025-12-13,"36,3","225,90",COND-040,83114
LGT9G72,2025-12-19,"37,7","212,19",COND-040,83489
LGT-9G72,25/12/2025,"32,3","185,49",COND-047,83810
LGT9G72,2025-12-29,"25,8","152,13",COND-054,84067
LGT-9G72,2026-01-03,"30,5","178,86",COND-047,84370
LGT9G72,2026-01-07,"27,3","166,98",COND-040,84642
LGT9G72,2026-01-12,"28,6","179,65",COND-054,84927
LGT9G72,17/01/2026,"33,7","210,50",COND-040,85262
LGT9G72,23/01/2026,"34,8","203,68",COND-054,85608
LGT-9G72,2026-01-28,"32,4","178,39",COND-054,85930
LGT-9G72,2026-02-02,"30,1","169,94",COND-047,86229
LGT9G72,08/02/2026,"36,8","201,30",COND-040,86595
LGT-9G72,2026-02-13,"30,8","178,60",COND-047,86901
LGT9G72,2026-02-18,"31,5","184,97",COND-040,87214
LGT-9G72,2026-02-23,"35,5","222,00",COND-047,87567
LGT-9G72,2026-02-28,"28,5","174,97",COND-040,87851
LGT-9G72,2026-03-05,"31,6","200,62",COND-040,88165
LGT-9G72,2026-03-11,"38,0","238,44",COND-047,88543
LGT9G72,2026-03-16,"30,1","188,75",COND-040,88842
LGT9G72,21/03/2026,"29,9","185,75",COND-047,89140
LGT9G72,2026-03-25,"27,8","154,86",COND-054,89417
LGT-9G72,2026-03-30,"28,0","158,19",COND-054,89696
LGT-9G72,2026-04-04,"31,5","201,31",COND-040,90009
LGT-9G72,09/04/2026,"31,7","196,78",COND-047,90324
LGT-9G72,15/04/2026,"34,7","214,61",COND-040,90669
LGT-9G72,2026-04-21,"36,8","198,82",COND-040,91035
LGT-9G72,2026-04-25,"28,3","165,84",COND-047,91317
LGT-9G72,2026-05-01,"34,3","204,95",COND-047,91658
LGT9G72,06/05/2026,"35,0","201,62",COND-040,92006
LGT-9G72,11/05/2026,"27,2","160,40",COND-040,92277
LGT9G72,2026-05-17,"36,0","197,31",COND-054,92635
LGT9G72,2026-05-22,"36,5","222,59",COND-047,92998
LGT-9G72,28/05/2026,"37,1","204,07",COND-047,93367
LGT9G72,2026-06-03,"37,5","219,20",COND-054,93740
LGT9G72,08/06/2026,"26,8","166,15",COND-054,94007
LGT9G72,2026-06-13,"34,9","200,84",COND-040,94354
LGT-9G72,2026-06-18,"26,5","146,20",COND-040,94618
LGT9G72,2026-06-22,"29,4","165,13",COND-054,94911
LGT9G72,28/06/2026,"37,3","215,80",COND-047,95282
LGT9G72,2026-07-04,"34,7","221,68",COND-047,95627
LGT9G72,2026-07-09,"29,4","178,74",COND-047,95920
LGT9G72,14/07/2026,"31,4","171,48",COND-040,96232
CDL-7273,2025-11-18,"25,0","139,14",COND-017,70710
CDL-7273,2025-11-27,"34,1","185,50",COND-017,71141
CDL-7273,2025-12-03,"28,6","171,51",COND-017,71502
CDL-7273,2025-12-10,"28,6","173,86",COND-017,71863
CDL-7273,19/12/2025,"38,0","233,28",COND-017,72343
CDL-7273,28/12/2025,"35,7","219,07",COND-017,72794
CDL7273,2026-01-04,"30,9","192,40",COND-017,73185
CDL-7273,12/01/2026,"33,5","189,96",COND-017,73608
CDL-7273,21/01/2026,"35,4","206,49",COND-017,74055
CDL-7273,27/01/2026,"27,5","164,67",COND-017,74403
CDL-7273,05/02/2026,"35,0","202,18",COND-017,74846
CDL7273,2026-02-13,"35,7","204,23",COND-017,75297
CDL7273,21/02/2026,"33,6","195,94",COND-017,75722
CDL-7273,01/03/2026,"30,3","179,54",COND-017,76105
CDL-7273,2026-03-08,"30,3","167,37",COND-017,76488
CDL7273,17/03/2026,"37,3","202,77",COND-017,76959
CDL-7273,23/03/2026,"25,0","141,24",COND-017,77275
CDL7273,30/03/2026,"28,4","164,76",COND-017,77634
CDL7273,05/04/2026,"26,9","147,78",COND-017,77974
CDL-7273,2026-04-13,"32,1","180,46",COND-017,78380
CDL-7273,2026-04-19,"26,2","144,80",COND-017,78711
CDL7273,27/04/2026,"33,1","198,94",COND-017,79129
CDL7273,06/05/2026,"37,9","212,39",COND-017,79608
CDL-7273,2026-05-13,"29,9","189,30",COND-017,79986
CDL7273,20/05/2026,"29,8","180,25",COND-017,80363
CDL7273,29/05/2026,"37,2","222,00",COND-017,80833
CDL-7273,06/06/2026,"31,9","193,75",COND-017,81236
CDL-7273,2026-06-12,"28,0","175,12",COND-017,81590
CDL-7273,2026-06-22,"38,2","206,57",COND-017,82073
CDL7273,2026-06-28,"25,6","153,34",COND-017,82396
CDL7273,05/07/2026,"29,7","181,09",COND-017,82771
CDL7273,13/07/2026,"32,3","202,91",COND-017,83179
MSR4361,16/11/2025,"25,8","139,61",COND-010,50217
MSR-4361,26/11/2025,"35,6","198,24",COND-010,50541
MSR4361,2025-12-03,"29,0","179,75",COND-010,50805
MSR-4361,2025-12-11,"26,7","164,92",COND-010,51048
MSR-4361,19/12/2025,"31,7","181,84",COND-010,51336
MSR4361,2025-12-27,"28,1","177,42",COND-010,51591
MSR-4361,2026-01-03,"26,1","156,40",COND-010,51828
MSR4361,11/01/2026,"29,0","164,82",COND-010,52092
MSR-4361,2026-01-19,"31,0","187,58",COND-010,52374
MSR4361,2026-01-27,"31,6","196,54",COND-010,52661
MSR4361,06/02/2026,"34,3","215,24",COND-010,52973
MSR-4361,13/02/2026,"26,1","156,76",COND-010,53210
MSR-4361,2026-02-19,"25,5","151,70",COND-010,53442
MSR-4361,2026-03-01,"35,4","220,25",COND-010,53764
MSR4361,10/03/2026,"32,3","189,69",COND-010,54058
MSR4361,2026-03-20,"38,0","208,93",COND-010,54403
MSR-4361,2026-03-27,"28,1","172,69",COND-010,54658
MSR-4361,2026-04-05,"32,7","180,20",COND-010,54955
MSR4361,2026-04-13,"28,6","179,87",COND-010,55215
MSR4361,21/04/2026,"28,5","174,10",COND-010,55474
MSR-4361,2026-04-28,"29,2","164,53",COND-010,55739
MSR-4361,07/05/2026,"31,1","185,69",COND-010,56022
MSR4361,14/05/2026,"28,3","177,15",COND-010,56279
MSR-4361,24/05/2026,"35,3","192,90",COND-010,56600
MSR4361,03/06/2026,"38,0","232,03",COND-010,56945
MSR-4361,2026-06-10,"27,2","164,17",COND-010,57192
MSR4361,2026-06-20,"35,0","204,66",COND-010,57510
MSR4361,28/06/2026,"30,9","186,71",COND-010,57791
MSR4361,2026-07-08,"36,6","201,21",COND-010,58124
KEM-1I61,19/11/2025,"30,8","170,99",COND-030,55254
KEM-1I61,2025-11-28,"32,8","191,61",COND-030,55565
KEM-1I61,2025-12-07,"30,7","178,36",COND-030,55856
KEM1I61,2025-12-15,"30,8","166,82",COND-037,56148
KEM-1I61,2025-12-26,"36,4","229,57",COND-037,56493
KEM-1I61,04/01/2026,"32,9","186,45",COND-030,56805
KEM-1I61,14/01/2026,"35,2","216,87",COND-037,57139
KEM1I61,2026-01-22,"30,8","183,16",COND-030,57431
KEM-1I61,01/02/2026,"36,2","230,40",COND-037,57774
KEM-1I61,09/02/2026,"25,8","149,39",COND-037,58019
KEM1I61,2026-02-16,"27,3","173,61",COND-037,58278
KEM1I61,26/02/2026,"33,9","194,30",COND-030,58599
KEM1I61,2026-03-06,"28,8","162,87",COND-037,58872
KEM-1I61,2026-03-14,"30,8","185,80",COND-037,59164
KEM-1I61,22/03/2026,"28,4","157,97",COND-030,59433
KEM-1I61,2026-03-31,"30,8","172,18",COND-030,59725
KEM-1I61,2026-04-09,"34,0","215,69",COND-030,60047
KEM1I61,2026-04-17,"26,1","142,06",COND-037,60294
KEM-1I61,24/04/2026,"25,4","156,89",COND-037,60535
KEM-1I61,2026-05-01,"27,0","172,69",COND-030,60791
KEM1I61,11/05/2026,"34,6","211,47",COND-037,61119
KEM-1I61,18/05/2026,"24,7","148,16",COND-030,61353
KEM-1I61,2026-05-26,"29,2","159,73",COND-030,61630
KEM1I61,03/06/2026,"28,9","184,45",COND-030,61904
KEM-1I61,12/06/2026,"32,8","199,77",COND-037,62215
KEM1I61,2026-06-20,"25,7","154,31",COND-030,62459
KEM-1I61,2026-06-30,"38,0","230,96",COND-037,62819
KEM1I61,2026-07-08,"29,6","159,97",COND-037,63100
ZPL3652,2025-11-16,"23,3","127,70",COND-027,117457
ZPL-3652,24/11/2025,"26,6","151,31",COND-027,117748
ZPL3652,04/12/2025,"32,1","195,81",COND-027,118099
ZPL-3652,2025-12-13,"32,2","176,91",COND-027,118451
ZPL3652,2025-12-23,"35,0","221,30",COND-027,118833
ZPL-3652,03/01/2026,"37,3","216,96",COND-027,119240
ZPL-3652,2026-01-11,"26,2","143,98",COND-027,119526
ZPL-3652,2026-01-21,"35,3","211,45",COND-027,119912
ZPL-3652,30/01/2026,"29,5","159,68",COND-027,120234
ZPL3652,2026-02-07,"28,4","176,42",COND-027,120544
ZPL3652,15/02/2026,"26,6","165,13",COND-027,120834
ZPL-3652,25/02/2026,"33,4","196,51",COND-027,121199
ZPL-3652,06/03/2026,"31,7","174,35",COND-027,121545
ZPL-3652,17/03/2026,"37,5","213,18",COND-027,121955
ZPL3652,28/03/2026,"36,8","219,44",COND-027,122357
ZPL-3652,2026-04-04,"26,3","156,65",COND-027,122644
ZPL3652,2026-04-15,"36,5","214,35",COND-027,123043
ZPL-3652,2026-04-23,"28,4","167,25",COND-027,123353
ZPL3652,01/05/2026,"26,1","149,00",COND-027,123638
ZPL-3652,08/05/2026,"25,7","156,67",COND-027,123919
ZPL-3652,2026-05-17,"29,3","164,90",COND-027,124239
ZPL3652,2026-05-28,"37,5","207,76",COND-027,124649
ZPL3652,2026-06-07,"33,3","203,46",COND-027,125013
ZPL-3652,16/06/2026,"31,2","185,12",COND-027,125354
ZPL-3652,25/06/2026,"33,7","183,11",COND-027,125722
ZPL3652,03/07/2026,"27,3","164,86",COND-027,126020
ZPL-3652,2026-07-11,"25,9","151,08",COND-027,126303
UHM6M49,17/11/2025,"29,1","185,26",COND-015,119241
UHM6M49,23/11/2025,"31,2","169,31",COND-015,119551
UHM-6M49,30/11/2025,"38,2","233,73",COND-015,119930
UHM-6M49,2025-12-05,"25,1","150,59",COND-022,120179
UHM-6M49,11/12/2025,"32,0","192,53",COND-022,120497
UHM-6M49,17/12/2025,"34,6","190,36",COND-015,120841
UHM6M49,2025-12-23,"30,5","186,28",COND-015,121144
UHM6M49,2025-12-30,"36,2","210,20",COND-022,121503
UHM-6M49,06/01/2026,"37,5","212,81",COND-015,121875
UHM6M49,2026-01-11,"29,6","170,24",COND-022,122169
UHM6M49,17/01/2026,"31,7","181,96",COND-015,122484
UHM6M49,2026-01-22,"26,1","154,07",COND-015,122743
UHM-6M49,29/01/2026,"35,1","203,32",COND-022,123092
UHM-6M49,02/02/2026,"25,2","144,37",COND-022,123342
UHM6M49,08/02/2026,"31,2","189,63",COND-022,123652
UHM6M49,14/02/2026,"29,4","175,96",COND-022,123944
UHM-6M49,20/02/2026,"34,0","205,61",COND-015,124282
UHM6M49,27/02/2026,"36,8","200,06",COND-015,124647
UHM6M49,05/03/2026,"30,4","164,47",COND-022,124949
UHM6M49,2026-03-12,"37,6","213,82",COND-022,125322
UHM6M49,2026-03-17,"27,4","166,74",COND-022,125594
UHM-6M49,2026-03-23,"30,6","173,46",COND-015,125898
UHM6M49,27/03/2026,"25,1","154,13",COND-022,126147
UHM6M49,01/04/2026,"26,2","159,61",COND-022,126407
UHM6M49,2026-04-07,"31,7","199,94",COND-022,126722
UHM6M49,13/04/2026,"31,6","178,59",COND-022,127036
UHM-6M49,18/04/2026,"26,5","156,65",COND-022,127299
UHM6M49,23/04/2026,"27,8","167,36",COND-015,127575
UHM6M49,30/04/2026,"36,4","209,02",COND-022,127936
UHM-6M49,2026-05-05,"26,8","158,89",COND-022,128202
UHM6M49,2026-05-12,"35,8","213,46",COND-022,128557
UHM6M49,17/05/2026,"28,0","153,33",COND-015,128835
UHM-6M49,21/05/2026,"24,8","148,71",COND-015,129081
UHM6M49,26/05/2026,"25,3","145,84",COND-015,129332
UHM6M49,2026-06-02,"34,9","199,91",COND-022,129679
UHM-6M49,2026-06-08,"32,2","173,91",COND-022,129999
UHM-6M49,2026-06-15,"37,4","235,71",COND-022,130370
UHM-6M49,20/06/2026,"30,8","190,64",COND-022,130676
UHM-6M49,27/06/2026,"35,4","213,10",COND-022,131028
UHM-6M49,2026-07-04,"37,8","220,72",COND-015,131403
UHM6M49,2026-07-10,"32,1","187,22",COND-015,131722
ONW4H03,2025-11-19,"28,5","174,00",COND-031,41778
ONW4H03,29/11/2025,"34,9","212,07",COND-031,42104
ONW-4H03,2025-12-07,"31,4","188,03",COND-031,42398
ONW4H03,2025-12-14,"26,4","164,11",COND-031,42645
ONW-4H03,2025-12-22,"29,9","187,00",COND-024,42925
ONW4H03,31/12/2025,"33,4","204,35",COND-024,43237
ONW-4H03,2026-01-09,"35,6","216,50",COND-031,43570
ONW4H03,2026-01-19,"38,1","242,75",COND-031,43926
ONW4H03,2026-01-28,"32,9","183,32",COND-031,44234
ONW-4H03,2026-02-07,"36,5","201,10",COND-031,44575
ONW-4H03,2026-02-15,"30,5","168,01",COND-031,44860
ONW-4H03,21/02/2026,"25,3","137,04",COND-024,45097
ONW-4H03,2026-03-02,"34,2","211,88",COND-031,45417
ONW4H03,2026-03-10,"28,8","181,12",COND-024,45686
ONW-4H03,17/03/2026,"27,7","158,72",COND-031,45945
ONW4H03,2026-03-24,"26,2","163,80",COND-031,46190
ONW-4H03,2026-04-01,"29,3","173,43",COND-031,46464
ONW4H03,2026-04-11,"37,2","224,04",COND-024,46812
ONW-4H03,2026-04-19,"31,6","199,22",COND-024,47107
ONW4H03,29/04/2026,"36,4","214,14",COND-031,47447
ONW-4H03,08/05/2026,"35,0","193,92",COND-024,47774
ONW-4H03,2026-05-16,"29,9","185,98",COND-024,48054
ONW4H03,23/05/2026,"25,7","158,46",COND-031,48294
ONW-4H03,02/06/2026,"37,0","229,43",COND-031,48640
ONW4H03,11/06/2026,"35,2","200,38",COND-024,48969
ONW4H03,2026-06-18,"25,9","141,01",COND-031,49211
ONW-4H03,27/06/2026,"36,6","232,46",COND-024,49553
ONW4H03,06/07/2026,"31,4","176,47",COND-024,49847
ONW-4H03,13/07/2026,"26,6","150,20",COND-024,50096
ORR1H26,18/11/2025,"34,5","207,09",COND-030,75042
ORR1H26,2025-11-22,"26,8","153,31",COND-023,75289
ORR1H26,2025-11-27,"30,8","192,05",COND-023,75572
ORR1H26,04/12/2025,"36,6","222,25",COND-023,75909
ORR-1H26,2025-12-10,"37,7","226,16",COND-023,76256
ORR-1H26,2025-12-14,"25,5","158,66",COND-030,76491
ORR1H26,19/12/2025,"28,5","154,76",COND-030,76753
ORR-1H26,23/12/2025,"25,4","156,36",COND-023,76987
ORR-1H26,29/12/2025,"36,3","206,81",COND-023,77321
ORR-1H26,03/01/2026,"27,4","156,66",COND-030,77573
ORR-1H26,2026-01-09,"36,5","199,19",COND-023,77909
ORR-1H26,15/01/2026,"36,7","223,12",COND-023,78247
ORR1H26,20/01/2026,"26,4","152,59",COND-023,78490
ORR-1H26,2026-01-25,"32,9","187,41",COND-030,78793
ORR-1H26,30/01/2026,"29,0","173,17",COND-030,79060
ORR-1H26,05/02/2026,"34,7","193,31",COND-023,79379
ORR1H26,2026-02-09,"26,0","149,45",COND-023,79618
ORR1H26,14/02/2026,"29,9","162,62",COND-030,79893
ORR-1H26,20/02/2026,"34,9","203,24",COND-030,80214
ORR1H26,24/02/2026,"25,0","145,75",COND-023,80444
ORR-1H26,02/03/2026,"33,9","185,12",COND-030,80756
ORR1H26,2026-03-08,"33,7","196,78",COND-023,81066
ORR1H26,2026-03-14,"38,0","233,87",COND-030,81416
ORR1H26,20/03/2026,"34,6","214,58",COND-023,81734
ORR-1H26,2026-03-25,"31,6","197,53",COND-030,82025
ORR-1H26,2026-03-31,"35,4","225,21",COND-023,82351
ORR1H26,2026-04-07,"37,3","235,25",COND-030,82694
ORR-1H26,2026-04-11,"27,0","172,12",COND-030,82942
ORR-1H26,2026-04-16,"30,7","172,26",COND-030,83224
ORR1H26,22/04/2026,"31,6","173,49",COND-030,83515
ORR-1H26,2026-04-26,"28,9","161,85",COND-030,83781
ORR-1H26,02/05/2026,"30,8","189,46",COND-023,84064
ORR-1H26,2026-05-06,"28,5","180,34",COND-023,84326
ORR-1H26,11/05/2026,"29,1","159,71",COND-023,84594
ORR1H26,2026-05-17,"31,6","181,29",COND-030,84885
ORR1H26,2026-05-23,"37,4","237,91",COND-023,85229
ORR-1H26,2026-05-28,"31,3","191,07",COND-030,85517
ORR1H26,2026-06-03,"37,7","206,78",COND-023,85864
ORR1H26,09/06/2026,"31,7","200,59",COND-023,86156
ORR-1H26,14/06/2026,"29,5","179,90",COND-023,86427
ORR1H26,2026-06-18,"26,7","159,19",COND-023,86673
ORR-1H26,24/06/2026,"35,2","204,70",COND-023,86997
ORR-1H26,29/06/2026,"28,9","161,21",COND-023,87263
ORR1H26,2026-07-05,"33,7","203,20",COND-030,87573
ORR-1H26,09/07/2026,"26,5","158,05",COND-030,87817
ORR-1H26,2026-07-14,"30,0","174,83",COND-030,88093
ZFG0155,2025-11-19,"29,8","161,85",COND-035,81552
ZFG0155,2025-11-27,"28,3","162,10",COND-028,81904
ZFG-0155,07/12/2025,"33,1","192,43",COND-028,82315
ZFG-0155,2025-12-16,"30,7","186,83",COND-028,82696
ZFG0155,2025-12-26,"33,9","204,85",COND-021,83117
ZFG0155,2026-01-07,"37,7","222,74",COND-028,83585
ZFG-0155,15/01/2026,"28,5","165,98",COND-021,83939
ZFG-0155,2026-01-24,"30,0","180,12",COND-021,84311
ZFG-0155,03/02/2026,"34,2","187,47",COND-028,84736
ZFG0155,13/02/2026,"33,8","194,14",COND-021,85156
ZFG-0155,21/02/2026,"28,2","169,77",COND-028,85506
ZFG-0155,2026-03-02,"27,5","151,57",COND-028,85847
ZFG-0155,09/03/2026,"24,7","156,92",COND-028,86154
ZFG0155,19/03/2026,"34,4","217,22",COND-021,86581
ZFG0155,2026-03-27,"25,2","160,95",COND-035,86894
ZFG0155,2026-04-04,"28,2","156,30",COND-035,87244
ZFG-0155,15/04/2026,"37,2","223,95",COND-028,87706
ZFG-0155,2026-04-23,"26,5","148,20",COND-035,88035
ZFG0155,2026-05-02,"31,9","184,20",COND-035,88431
ZFG0155,2026-05-13,"36,6","217,66",COND-021,88886
ZFG-0155,24/05/2026,"36,4","210,62",COND-028,89338
ZFG0155,03/06/2026,"31,7","188,45",COND-028,89732
ZFG0155,13/06/2026,"36,4","209,15",COND-021,90184
ZFG0155,23/06/2026,"32,3","191,75",COND-021,90585
ZFG0155,02/07/2026,"31,9","190,96",COND-035,90981
ZFG-0155,2026-07-12,"31,4","177,84",COND-028,91371
IQH6592,15/11/2025,"25,0","139,77",COND-024,67307
IQH-6592,2025-11-21,"36,6","205,32",COND-031,67633
IQH6592,2025-11-25,"30,4","193,31",COND-024,67904
IQH6592,2025-11-29,"25,6","153,43",COND-031,68132
IQH-6592,2025-12-03,"30,1","172,04",COND-024,68400
IQH-6592,08/12/2025,"28,4","163,15",COND-031,68653
IQH6592,12/12/2025,"30,5","169,07",COND-024,68925
IQH-6592,17/12/2025,"31,8","177,98",COND-031,69208
IQH6592,21/12/2025,"26,6","156,77",COND-024,69445
IQH-6592,25/12/2025,"30,6","183,03",COND-024,69718
IQH6592,2025-12-29,"27,7","162,51",COND-024,69965
IQH-6592,04/01/2026,"37,9","220,69",COND-024,70303
IQH-6592,08/01/2026,"24,9","136,83",COND-024,70525
IQH-6592,2026-01-12,"27,2","166,36",COND-024,70767
IQH-6592,16/01/2026,"32,0","178,69",COND-024,71052
IQH-6592,20/01/2026,"26,8","161,13",COND-024,71291
IQH6592,24/01/2026,"25,3","150,92",COND-031,71516
IQH6592,29/01/2026,"30,8","169,02",COND-031,71790
IQH6592,2026-02-02,"29,0","182,77",COND-024,72048
IQH-6592,2026-02-07,"33,4","202,50",COND-024,72346
IQH6592,11/02/2026,"29,5","178,19",COND-031,72609
IQH6592,16/02/2026,"30,0","171,40",COND-024,72876
IQH-6592,2026-02-20,"30,6","188,30",COND-031,73149
IQH-6592,25/02/2026,"31,2","176,59",COND-024,73427
IQH6592,2026-03-02,"34,3","217,79",COND-024,73733
IQH6592,07/03/2026,"30,8","191,83",COND-024,74007
IQH6592,2026-03-11,"30,1","186,62",COND-031,74275
IQH-6592,2026-03-15,"26,8","160,43",COND-031,74514
IQH-6592,20/03/2026,"34,1","215,17",COND-024,74818
IQH-6592,25/03/2026,"33,4","194,38",COND-031,75116
IQH-6592,30/03/2026,"33,4","199,53",COND-024,75414
IQH6592,03/04/2026,"29,6","167,96",COND-024,75678
IQH6592,09/04/2026,"37,1","220,35",COND-031,76009
IQH6592,2026-04-13,"27,0","148,53",COND-024,76250
IQH6592,2026-04-17,"27,6","157,96",COND-024,76496
IQH-6592,2026-04-22,"34,0","214,38",COND-024,76799
IQH-6592,2026-04-26,"28,8","181,65",COND-031,77056
IQH6592,01/05/2026,"34,6","218,51",COND-031,77364
IQH6592,07/05/2026,"35,1","207,10",COND-031,77677
IQH-6592,11/05/2026,"32,7","204,87",COND-031,77968
IQH-6592,2026-05-17,"35,5","223,19",COND-031,78284
IQH-6592,2026-05-21,"26,7","158,03",COND-031,78522
IQH-6592,2026-05-26,"34,6","208,53",COND-031,78830
IQH6592,2026-05-30,"31,5","170,74",COND-031,79111
IQH6592,05/06/2026,"35,5","205,56",COND-031,79427
IQH-6592,09/06/2026,"29,9","175,65",COND-024,79693
IQH-6592,2026-06-14,"30,5","177,38",COND-031,79965
IQH6592,18/06/2026,"30,6","179,74",COND-024,80238
IQH-6592,2026-06-22,"25,7","150,37",COND-031,80467
IQH-6592,2026-06-26,"28,5","178,41",COND-024,80721
IQH6592,30/06/2026,"24,9","144,52",COND-024,80943
IQH6592,05/07/2026,"37,7","230,23",COND-031,81279
IQH6592,2026-07-10,"32,2","193,58",COND-031,81566
ZZD-8C78,2025-11-20,"24,2","147,61",COND-043,32517
ZZD-8C78,30/11/2025,"35,6","195,95",COND-043,32912
ZZD8C78,2025-12-08,"31,4","172,10",COND-043,33260
ZZD8C78,18/12/2025,"36,0","204,47",COND-043,33659
ZZD-8C78,29/12/2025,"36,6","204,05",COND-043,34065
ZZD8C78,2026-01-08,"35,6","196,01",COND-043,34460
ZZD-8C78,17/01/2026,"34,8","194,53",COND-043,34846
ZZD-8C78,25/01/2026,"27,4","167,12",COND-043,35150
ZZD-8C78,2026-02-01,"26,2","156,35",COND-043,35441
ZZD8C78,08/02/2026,"25,7","163,86",COND-043,35726
ZZD-8C78,15/02/2026,"24,9","142,79",COND-043,36002
ZZD-8C78,2026-02-25,"36,5","219,12",COND-043,36407
ZZD-8C78,2026-03-05,"28,1","179,17",COND-043,36719
ZZD-8C78,15/03/2026,"35,2","192,44",COND-043,37109
ZZD8C78,2026-03-25,"36,4","216,11",COND-043,37513
ZZD8C78,2026-04-04,"35,9","210,96",COND-043,37911
ZZD-8C78,12/04/2026,"28,2","176,38",COND-043,38224
ZZD-8C78,22/04/2026,"35,5","203,78",COND-043,38618
ZZD-8C78,01/05/2026,"31,8","198,63",COND-043,38971
ZZD-8C78,2026-05-09,"31,0","197,04",COND-043,39315
ZZD8C78,2026-05-20,"36,7","208,57",COND-043,39722
ZZD8C78,2026-05-28,"31,7","184,59",COND-043,40073
ZZD-8C78,2026-06-07,"34,9","223,30",COND-043,40460
ZZD-8C78,17/06/2026,"36,3","203,70",COND-043,40863
ZZD8C78,27/06/2026,"36,2","205,95",COND-043,41265
ZZD-8C78,2026-07-05,"29,5","177,46",COND-043,41592
ZZD-8C78,2026-07-13,"26,8","169,10",COND-043,41889
IIR4380,2025-11-15,"23,4","128,11",COND-019,81872
IIR4380,2025-11-22,"30,1","175,93",COND-019,82264
IIR4380,2025-11-29,"34,0","199,64",COND-019,82706
IIR-4380,2025-12-06,"29,4","159,12",COND-019,83089
IIR4380,2025-12-12,"29,4","186,40",COND-019,83471
IIR4380,20/12/2025,"35,5","200,88",COND-019,83933
IIR4380,2025-12-27,"33,1","209,68",COND-019,84363
IIR4380,2026-01-03,"30,1","187,35",COND-019,84754
IIR4380,08/01/2026,"25,5","142,84",COND-019,85086
IIR4380,16/01/2026,"34,7","216,53",COND-019,85538
IIR-4380,2026-01-24,"37,4","204,49",COND-019,86025
IIR-4380,2026-01-29,"25,7","139,25",COND-019,86359
IIR-4380,2026-02-06,"35,7","197,33",COND-019,86823
IIR4380,2026-02-12,"27,9","171,03",COND-019,87186
IIR4380,20/02/2026,"36,6","216,66",COND-019,87662
IIR-4380,2026-02-26,"25,7","155,64",COND-019,87996
IIR-4380,05/03/2026,"34,1","216,61",COND-019,88439
IIR4380,2026-03-13,"34,7","195,80",COND-019,88891
IIR-4380,21/03/2026,"37,9","232,88",COND-019,89384
IIR-4380,28/03/2026,"32,7","181,37",COND-019,89809
IIR-4380,2026-04-03,"26,3","155,49",COND-019,90151
IIR-4380,2026-04-09,"27,0","165,34",COND-019,90502
IIR-4380,14/04/2026,"25,1","148,64",COND-019,90828
IIR4380,21/04/2026,"31,1","194,13",COND-019,91232
IIR4380,27/04/2026,"26,8","164,02",COND-019,91581
IIR4380,05/05/2026,"35,0","207,16",COND-019,92036
IIR4380,11/05/2026,"30,7","171,32",COND-019,92435
IIR4380,19/05/2026,"35,2","218,17",COND-019,92893
IIR4380,2026-05-25,"28,4","166,66",COND-019,93262
IIR-4380,01/06/2026,"29,7","186,37",COND-019,93649
IIR-4380,06/06/2026,"25,4","156,02",COND-019,93980
IIR-4380,14/06/2026,"35,2","208,90",COND-019,94438
IIR-4380,2026-06-21,"31,6","180,28",COND-019,94849
IIR-4380,27/06/2026,"27,8","166,58",COND-019,95211
IIR-4380,03/07/2026,"26,6","149,94",COND-019,95557
IIR-4380,2026-07-11,"36,9","229,94",COND-019,96037
ADB-8X17,19/11/2025,"25,7","146,40",COND-005,125382
ADB-8X17,29/11/2025,"36,6","231,02",COND-005,125847
ADB8X17,07/12/2025,"29,9","176,09",COND-005,126227
ADB8X17,2025-12-17,"37,9","229,42",COND-058,126709
ADB8X17,25/12/2025,"29,2","162,03",COND-058,127081
ADB-8X17,2026-01-02,"30,4","176,77",COND-058,127468
ADB-8X17,2026-01-09,"27,0","149,89",COND-058,127812
ADB-8X17,2026-01-16,"27,9","175,93",COND-058,128167
ADB8X17,2026-01-23,"25,2","148,57",COND-058,128488
ADB-8X17,2026-02-01,"35,9","228,69",COND-005,128945
ADB8X17,11/02/2026,"35,4","199,71",COND-005,129395
ADB8X17,2026-02-18,"26,3","149,60",COND-058,129729
ADB-8X17,27/02/2026,"36,2","231,54",COND-005,130189
ADB8X17,2026-03-07,"31,2","183,89",COND-012,130586
ADB8X17,14/03/2026,"25,0","146,38",COND-005,130904
ADB-8X17,2026-03-22,"30,1","174,93",COND-005,131287
ADB8X17,2026-03-30,"29,1","174,28",COND-058,131657
ADB-8X17,06/04/2026,"26,3","149,92",COND-005,131991
ADB-8X17,15/04/2026,"35,0","197,58",COND-058,132436
ADB8X17,2026-04-24,"36,2","222,03",COND-058,132896
ADB8X17,2026-05-03,"33,9","191,01",COND-012,133327
ADB8X17,12/05/2026,"33,6","197,62",COND-005,133754
ADB-8X17,21/05/2026,"33,7","211,15",COND-058,134183
ADB-8X17,28/05/2026,"25,1","160,38",COND-005,134502
ADB-8X17,2026-06-04,"28,5","181,83",COND-012,134864
ADB-8X17,2026-06-11,"25,6","155,73",COND-005,135190
ADB8X17,2026-06-18,"28,1","172,71",COND-012,135547
ADB-8X17,28/06/2026,"34,2","218,54",COND-005,135982
ADB8X17,2026-07-07,"35,7","198,51",COND-005,136436
FZU-3Z45,19/11/2025,"26,6","166,95",COND-003,69304
FZU3Z45,29/11/2025,"36,2","202,38",COND-056,69657
FZU3Z45,2025-12-05,"25,7","156,20",COND-010,69908
FZU3Z45,2025-12-15,"37,9","230,13",COND-010,70278
FZU-3Z45,24/12/2025,"33,4","209,87",COND-056,70604
FZU-3Z45,2026-01-02,"34,5","193,29",COND-056,70941
FZU-3Z45,2026-01-09,"27,2","155,90",COND-010,71206
FZU3Z45,2026-01-19,"37,2","237,58",COND-056,71569
FZU-3Z45,2026-01-28,"36,3","203,93",COND-003,71923
FZU3Z45,06/02/2026,"36,4","207,61",COND-056,72278
FZU3Z45,14/02/2026,"28,6","158,33",COND-003,72557
FZU3Z45,2026-02-22,"31,7","178,01",COND-056,72866
FZU3Z45,01/03/2026,"26,1","157,20",COND-056,73121
FZU-3Z45,08/03/2026,"27,4","155,22",COND-010,73388
FZU-3Z45,15/03/2026,"28,4","171,78",COND-003,73665
FZU-3Z45,24/03/2026,"34,0","189,58",COND-003,73997
FZU-3Z45,2026-04-01,"31,0","168,61",COND-003,74300
FZU-3Z45,11/04/2026,"37,1","208,32",COND-003,74662
FZU-3Z45,20/04/2026,"35,6","196,73",COND-056,75009
FZU-3Z45,2026-04-30,"36,5","229,30",COND-010,75365
FZU-3Z45,09/05/2026,"33,9","214,13",COND-003,75696
FZU3Z45,17/05/2026,"32,5","188,78",COND-010,76013
FZU-3Z45,24/05/2026,"28,4","157,83",COND-056,76290
FZU-3Z45,01/06/2026,"28,5","172,71",COND-010,76568
FZU3Z45,08/06/2026,"25,7","161,26",COND-003,76819
FZU3Z45,17/06/2026,"34,9","214,19",COND-003,77160
FZU3Z45,25/06/2026,"30,8","192,70",COND-003,77461
FZU3Z45,02/07/2026,"28,0","171,56",COND-010,77734
FZU3Z45,2026-07-10,"30,1","176,94",COND-056,78028
ARZ-1H59,17/11/2025,"27,1","156,46",COND-044,88603
ARZ-1H59,2025-11-21,"30,5","169,80",COND-030,88896
ARZ1H59,2025-11-26,"28,1","168,93",COND-030,89166
ARZ1H59,30/11/2025,"29,3","175,52",COND-030,89448
ARZ-1H59,2025-12-05,"30,8","183,05",COND-044,89744
ARZ-1H59,2025-12-09,"29,2","181,16",COND-030,90025
ARZ1H59,14/12/2025,"30,2","172,64",COND-037,90316
ARZ1H59,20/12/2025,"37,0","227,40",COND-030,90672
ARZ-1H59,24/12/2025,"26,5","160,02",COND-037,90927
ARZ-1H59,28/12/2025,"28,6","156,49",COND-044,91202
ARZ-1H59,02/01/2026,"33,1","207,50",COND-030,91520
ARZ1H59,2026-01-07,"29,6","174,12",COND-037,91805
ARZ-1H59,2026-01-11,"30,4","194,24",COND-030,92097
ARZ1H59,16/01/2026,"31,5","199,14",COND-037,92400
ARZ1H59,21/01/2026,"28,4","172,07",COND-037,92673
ARZ-1H59,26/01/2026,"33,4","193,63",COND-044,92994
ARZ-1H59,29/01/2026,"24,7","135,23",COND-044,93232
ARZ1H59,2026-02-04,"33,6","191,81",COND-030,93555
ARZ1H59,09/02/2026,"32,6","207,56",COND-044,93869
ARZ-1H59,13/02/2026,"26,5","161,24",COND-044,94124
ARZ-1H59,17/02/2026,"28,4","180,49",COND-044,94397
ARZ1H59,22/02/2026,"31,2","194,77",COND-030,94697
ARZ-1H59,2026-02-26,"27,5","149,77",COND-044,94962
ARZ-1H59,2026-03-03,"30,2","181,04",COND-044,95253
ARZ1H59,2026-03-08,"31,7","192,77",COND-037,95558
ARZ1H59,2026-03-11,"24,9","140,35",COND-037,95798
ARZ-1H59,2026-03-16,"32,1","196,28",COND-037,96107
ARZ-1H59,21/03/2026,"30,2","175,23",COND-044,96398
ARZ1H59,26/03/2026,"35,3","222,71",COND-030,96738
ARZ1H59,01/04/2026,"34,7","198,91",COND-044,97072
ARZ-1H59,2026-04-05,"24,8","136,97",COND-037,97311
ARZ-1H59,09/04/2026,"28,4","165,55",COND-037,97584
ARZ-1H59,2026-04-13,"26,6","161,09",COND-030,97840
ARZ-1H59,18/04/2026,"34,6","214,71",COND-030,98173
ARZ1H59,24/04/2026,"37,5","219,86",COND-037,98534
ARZ-1H59,2026-04-29,"31,5","198,02",COND-030,98837
ARZ-1H59,04/05/2026,"33,7","185,86",COND-030,99161
ARZ-1H59,2026-05-09,"33,3","194,25",COND-037,99481
ARZ1H59,14/05/2026,"32,6","192,97",COND-037,99795
ARZ-1H59,2026-05-19,"29,9","172,33",COND-044,100083
ARZ1H59,2026-05-24,"32,8","188,28",COND-044,100399
ARZ1H59,29/05/2026,"34,1","197,57",COND-030,100727
ARZ-1H59,2026-06-02,"28,5","166,50",COND-030,101001
ARZ1H59,2026-06-07,"27,7","163,61",COND-037,101267
ARZ-1H59,2026-06-11,"31,4","178,62",COND-030,101569
ARZ-1H59,2026-06-16,"32,4","203,45",COND-044,101881
ARZ-1H59,21/06/2026,"27,7","152,92",COND-044,102147
ARZ1H59,2026-06-25,"29,1","180,85",COND-044,102427
ARZ-1H59,01/07/2026,"37,1","215,47",COND-044,102784
ARZ-1H59,06/07/2026,"36,6","215,00",COND-030,103136
ARZ-1H59,2026-07-11,"31,3","191,45",COND-044,103437
UCT-8141,2025-11-16,"31,0","172,17",COND-028,86457
UCT8141,21/11/2025,"33,2","185,52",COND-021,86792
UCT8141,2025-11-26,"38,0","225,40",COND-028,87175
UCT8141,01/12/2025,"35,3","213,76",COND-021,87531
UCT-8141,06/12/2025,"27,9","178,02",COND-035,87812
UCT-8141,2025-12-11,"36,3","204,84",COND-021,88178
UCT-8141,15/12/2025,"26,9","158,34",COND-021,88449
UCT-8141,19/12/2025,"24,8","143,11",COND-028,88699
UCT-8141,2025-12-24,"33,1","181,08",COND-028,89033
UCT-8141,28/12/2025,"32,5","188,89",COND-035,89361
UCT-8141,03/01/2026,"37,0","233,49",COND-035,89734
UCT-8141,2026-01-07,"26,9","153,52",COND-028,90005
UCT-8141,2026-01-12,"37,1","204,16",COND-021,90379
UCT8141,17/01/2026,"34,2","196,83",COND-035,90724
UCT8141,22/01/2026,"31,1","178,92",COND-021,91037
UCT-8141,27/01/2026,"33,6","207,21",COND-028,91376
UCT8141,01/02/2026,"35,1","212,38",COND-028,91730
UCT-8141,2026-02-05,"27,9","165,50",COND-035,92011
UCT-8141,2026-02-10,"28,7","169,52",COND-021,92300
UCT8141,2026-02-14,"30,7","194,01",COND-028,92609
UCT-8141,19/02/2026,"33,2","199,51",COND-028,92944
UCT-8141,2026-02-24,"32,7","177,41",COND-021,93274
UCT-8141,2026-03-01,"31,7","190,68",COND-021,93594
UCT8141,05/03/2026,"27,3","171,57",COND-021,93869
UCT-8141,2026-03-09,"29,0","168,14",COND-021,94161
UCT-8141,2026-03-13,"27,8","173,21",COND-035,94441
UCT-8141,2026-03-18,"30,4","181,14",COND-021,94747
UCT8141,2026-03-22,"28,4","168,96",COND-028,95033
UCT-8141,26/03/2026,"27,0","150,15",COND-021,95305
UCT8141,31/03/2026,"37,1","219,37",COND-028,95679
UCT-8141,05/04/2026,"31,4","178,80",COND-021,95996
UCT-8141,10/04/2026,"31,5","201,11",COND-028,96314
UCT-8141,2026-04-14,"29,5","180,46",COND-021,96611
UCT8141,18/04/2026,"30,4","165,73",COND-028,96917
UCT-8141,23/04/2026,"30,4","192,66",COND-035,97223
UCT-8141,2026-04-28,"34,9","200,45",COND-021,97575
UCT8141,2026-05-03,"34,0","205,48",COND-028,97918
UCT-8141,2026-05-08,"32,3","183,93",COND-035,98244
UCT-8141,2026-05-12,"30,8","171,39",COND-035,98554
UCT8141,2026-05-18,"36,0","200,58",COND-028,98917
UCT8141,2026-05-22,"26,3","166,38",COND-035,99182
UCT8141,25/05/2026,"25,4","150,02",COND-021,99438
UCT-8141,30/05/2026,"32,1","191,08",COND-028,99762
UCT8141,03/06/2026,"27,6","174,34",COND-035,100040
UCT8141,2026-06-07,"27,7","162,81",COND-021,100319
UCT-8141,2026-06-11,"25,5","138,72",COND-035,100576
UCT8141,16/06/2026,"32,3","184,72",COND-028,100902
UCT-8141,2026-06-21,"36,0","226,65",COND-035,101265
UCT-8141,26/06/2026,"33,6","184,40",COND-021,101604
UCT-8141,2026-06-30,"25,6","138,34",COND-021,101862
UCT8141,04/07/2026,"28,8","184,07",COND-028,102152
UCT8141,09/07/2026,"30,3","183,28",COND-021,102457
UCT8141,2026-07-13,"26,4","151,32",COND-035,102723
NRI-9N29,15/11/2025,"33,1","180,35",COND-034,11984
NRI-9N29,18/11/2025,"42,5","257,46",COND-041,12331
NRI9N29,22/11/2025,"45,0","245,44",COND-041,12699
NRI9N29,2025-11-26,"49,1","293,25",COND-041,13100
NRI9N29,2025-11-29,"35,1","213,23",COND-041,13387
NRI9N29,03/12/2025,"39,2","241,21",COND-034,13707
NRI-9N29,06/12/2025,"36,0","200,53",COND-041,14001
NRI-9N29,09/12/2025,"33,9","214,58",COND-034,14278
NRI9N29,2025-12-12,"41,0","231,45",COND-034,14613
NRI-9N29,16/12/2025,"41,0","236,78",COND-034,14948
NRI9N29,19/12/2025,"35,1","193,13",COND-034,15235
NRI-9N29,22/12/2025,"41,6","243,04",COND-034,15575
NRI9N29,2025-12-25,"36,4","205,15",COND-034,15872
NRI9N29,29/12/2025,"40,3","246,33",COND-034,16201
NRI9N29,01/01/2026,"34,9","203,73",COND-041,16486
NRI-9N29,2026-01-04,"38,4","217,39",COND-034,16800
NRI-9N29,2026-01-08,"42,1","235,82",COND-034,17144
NRI9N29,2026-01-11,"34,0","192,38",COND-034,17422
NRI-9N29,15/01/2026,"48,7","292,30",COND-041,17820
NRI-9N29,2026-01-19,"44,7","267,53",COND-034,18185
NRI-9N29,2026-01-22,"39,5","215,26",COND-034,18508
NRI9N29,2026-01-25,"41,7","265,06",COND-041,18849
NRI9N29,2026-01-30,"48,5","280,42",COND-041,19245
NRI9N29,02/02/2026,"36,1","221,34",COND-041,19540
NRI-9N29,06/02/2026,"50,7","292,96",COND-034,19954
NRI9N29,10/02/2026,"43,0","245,41",COND-041,20305
NRI9N29,2026-02-13,"41,0","256,77",COND-041,20640
NRI-9N29,18/02/2026,"50,8","286,58",COND-041,21055
NRI9N29,21/02/2026,"43,0","258,57",COND-034,21406
NRI-9N29,25/02/2026,"44,3","283,46",COND-034,21768
NRI-9N29,28/02/2026,"38,1","221,95",COND-034,22079
NRI-9N29,2026-03-04,"39,2","227,21",COND-041,22399
NRI-9N29,2026-03-07,"40,3","230,84",COND-041,22728
NRI-9N29,2026-03-10,"33,7","186,88",COND-041,23003
NRI-9N29,2026-03-14,"49,6","289,55",COND-034,23408
NRI-9N29,2026-03-17,"37,3","207,42",COND-041,23713
NRI9N29,21/03/2026,"45,4","275,39",COND-041,24084
NRI9N29,24/03/2026,"33,7","211,26",COND-034,24359
NRI9N29,2026-03-27,"34,1","208,81",COND-041,24638
NRI9N29,2026-03-31,"49,3","303,35",COND-034,25041
NRI9N29,05/04/2026,"49,2","311,35",COND-041,25443
NRI-9N29,09/04/2026,"47,7","288,33",COND-034,25833
NRI9N29,13/04/2026,"49,1","308,57",COND-034,26234
NRI-9N29,2026-04-17,"47,9","273,78",COND-041,26625
NRI9N29,2026-04-20,"33,5","200,91",COND-034,26899
NRI9N29,24/04/2026,"45,9","257,79",COND-034,27274
NRI-9N29,28/04/2026,"45,5","281,35",COND-034,27646
NRI-9N29,2026-05-01,"34,5","192,88",COND-041,27928
NRI9N29,04/05/2026,"43,1","249,45",COND-034,28280
NRI-9N29,2026-05-08,"40,4","230,77",COND-034,28610
NRI-9N29,11/05/2026,"33,7","204,96",COND-041,28885
NRI-9N29,14/05/2026,"42,8","262,34",COND-034,29235
NRI-9N29,2026-05-17,"37,0","230,07",COND-041,29537
NRI-9N29,20/05/2026,"36,4","223,03",COND-034,29834
NRI-9N29,25/05/2026,"50,2","278,50",COND-041,30244
NRI9N29,2026-05-29,"47,1","254,63",COND-034,30629
NRI9N29,2026-06-02,"50,1","311,49",COND-034,31038
NRI-9N29,2026-06-06,"40,9","247,77",COND-034,31372
NRI-9N29,2026-06-09,"34,6","215,56",COND-041,31655
NRI9N29,2026-06-12,"35,3","219,28",COND-034,31943
NRI9N29,16/06/2026,"50,2","284,66",COND-041,32353
NRI9N29,2026-06-19,"41,0","221,64",COND-041,32688
NRI9N29,22/06/2026,"36,1","228,57",COND-034,32983
NRI9N29,26/06/2026,"36,4","198,87",COND-041,33280
NRI-9N29,2026-06-29,"34,9","214,28",COND-034,33565
NRI-9N29,2026-07-02,"35,5","210,10",COND-041,33855
NRI-9N29,2026-07-04,"34,0","215,71",COND-034,34133
NRI9N29,2026-07-08,"36,7","214,73",COND-034,34433
NRI-9N29,10/07/2026,"33,4","180,37",COND-034,34706
NRI-9N29,15/07/2026,"49,3","309,63",COND-041,35109
VCS-1T40,2025-11-16,"41,9","236,20",COND-052,8055
VCS-1T40,23/11/2025,"50,3","287,02",COND-006,8523
VCS-1T40,2025-11-27,"36,0","212,65",COND-052,8858
VCS-1T40,2025-12-03,"39,5","219,96",COND-059,9225
VCS1T40,08/12/2025,"43,5","239,30",COND-059,9630
VCS-1T40,13/12/2025,"34,9","222,70",COND-006,9955
VCS-1T40,18/12/2025,"35,6","212,54",COND-006,10286
VCS1T40,24/12/2025,"45,1","256,24",COND-052,10705
VCS1T40,29/12/2025,"36,6","232,58",COND-052,11045
VCS1T40,2026-01-03,"42,3","243,09",COND-059,11438
VCS-1T40,09/01/2026,"38,3","230,06",COND-006,11794
VCS1T40,2026-01-14,"42,8","256,73",COND-059,12192
VCS1T40,2026-01-19,"38,2","243,39",COND-006,12547
VCS-1T40,25/01/2026,"38,2","208,74",COND-052,12902
VCS-1T40,31/01/2026,"44,8","281,30",COND-052,13319
VCS-1T40,04/02/2026,"35,6","225,33",COND-059,13650
VCS-1T40,2026-02-09,"36,1","228,61",COND-059,13986
VCS-1T40,14/02/2026,"36,5","229,19",COND-006,14325
VCS-1T40,20/02/2026,"41,9","262,41",COND-006,14715
VCS1T40,2026-02-26,"45,2","282,53",COND-059,15135
VCS1T40,2026-03-03,"39,9","228,40",COND-052,15506
VCS-1T40,2026-03-09,"43,2","246,01",COND-059,15908
VCS1T40,14/03/2026,"40,6","251,36",COND-059,16286
VCS-1T40,2026-03-20,"44,3","279,77",COND-052,16698
VCS-1T40,2026-03-26,"41,5","246,16",COND-052,17084
VCS-1T40,2026-03-31,"42,8","254,94",COND-059,17482
VCS-1T40,2026-04-06,"40,6","248,03",COND-059,17860
VCS-1T40,12/04/2026,"44,6","268,81",COND-006,18275
VCS-1T40,18/04/2026,"48,0","288,27",COND-006,18721
VCS-1T40,2026-04-24,"44,5","267,65",COND-006,19135
VCS-1T40,30/04/2026,"46,1","284,38",COND-006,19564
VCS-1T40,05/05/2026,"36,1","210,13",COND-052,19900
VCS1T40,11/05/2026,"44,9","254,25",COND-006,20318
VCS1T40,17/05/2026,"40,0","247,88",COND-052,20690
VCS1T40,22/05/2026,"44,2","248,74",COND-059,21101
VCS-1T40,2026-05-27,"36,2","227,46",COND-052,21438
VCS-1T40,2026-06-02,"39,5","224,71",COND-059,21805
VCS-1T40,06/06/2026,"35,4","217,59",COND-059,22134
VCS-1T40,2026-06-12,"42,5","235,03",COND-059,22529
VCS1T40,2026-06-19,"49,0","296,80",COND-006,22985
VCS1T40,2026-06-25,"48,6","280,02",COND-052,23437
VCS1T40,30/06/2026,"35,9","214,61",COND-059,23771
VCS-1T40,2026-07-06,"48,6","280,57",COND-059,24223
VCS-1T40,2026-07-11,"33,2","181,60",COND-052,24532
LMQ7806,2025-11-16,"31,9","189,31",COND-041,173878
LMQ7806,20/11/2025,"35,2","221,78",COND-041,174191
LMQ-7806,2025-11-25,"47,8","262,77",COND-048,174616
LMQ7806,30/11/2025,"40,4","254,68",COND-048,174975
LMQ7806,2025-12-04,"44,0","271,58",COND-048,175366
LMQ7806,2025-12-08,"34,9","195,38",COND-048,175676
LMQ7806,12/12/2025,"34,8","191,41",COND-041,175985
LMQ7806,2025-12-17,"48,9","303,20",COND-041,176420
LMQ-7806,21/12/2025,"38,7","244,05",COND-048,176764
LMQ-7806,2025-12-26,"45,2","284,56",COND-048,177166
LMQ7806,31/12/2025,"44,0","266,99",COND-041,177557
LMQ7806,2026-01-05,"44,4","274,74",COND-048,177952
LMQ7806,2026-01-08,"34,2","190,94",COND-041,178256
LMQ7806,2026-01-12,"33,6","194,29",COND-048,178555
LMQ-7806,16/01/2026,"34,5","207,33",COND-041,178862
LMQ7806,2026-01-19,"33,9","185,77",COND-041,179163
LMQ-7806,25/01/2026,"49,7","291,74",COND-048,179605
LMQ7806,2026-01-29,"39,3","241,55",COND-048,179954
LMQ-7806,02/02/2026,"37,3","221,08",COND-048,180286
LMQ-7806,2026-02-07,"42,9","262,72",COND-048,180667
LMQ7806,12/02/2026,"50,8","297,94",COND-041,181119
LMQ7806,17/02/2026,"48,8","303,28",COND-048,181553
LMQ-7806,23/02/2026,"47,7","290,53",COND-048,181977
LMQ7806,2026-02-27,"44,2","261,64",COND-048,182370
LMQ7806,2026-03-04,"40,0","232,56",COND-048,182726
LMQ7806,2026-03-08,"42,1","257,94",COND-048,183100
LMQ7806,12/03/2026,"34,1","209,88",COND-048,183403
LMQ7806,17/03/2026,"45,9","271,89",COND-048,183811
LMQ-7806,2026-03-21,"36,6","210,48",COND-041,184136
LMQ-7806,26/03/2026,"45,9","255,85",COND-048,184544
LMQ7806,2026-03-31,"45,3","255,86",COND-041,184947
LMQ7806,2026-04-04,"38,4","220,14",COND-048,185288
LMQ7806,07/04/2026,"34,6","217,08",COND-041,185596
LMQ-7806,2026-04-12,"39,7","227,59",COND-041,185949
LMQ7806,16/04/2026,"41,3","259,74",COND-048,186316
LMQ7806,21/04/2026,"47,1","301,20",COND-041,186735
LMQ7806,2026-04-25,"37,5","204,13",COND-048,187068
LMQ7806,30/04/2026,"43,0","243,06",COND-048,187450
LMQ7806,05/05/2026,"44,5","272,98",COND-041,187846
LMQ-7806,2026-05-10,"45,8","253,20",COND-048,188253
LMQ-7806,14/05/2026,"38,1","210,29",COND-041,188592
LMQ7806,19/05/2026,"43,9","244,80",COND-041,188982
LMQ7806,2026-05-23,"38,6","217,07",COND-041,189325
LMQ-7806,2026-05-26,"33,7","190,76",COND-041,189625
LMQ7806,2026-05-30,"34,4","219,01",COND-048,189931
LMQ-7806,2026-06-03,"33,4","206,32",COND-048,190228
LMQ7806,07/06/2026,"42,5","232,10",COND-048,190606
LMQ7806,2026-06-12,"47,4","277,99",COND-041,191027
LMQ-7806,2026-06-17,"44,2","251,60",COND-048,191420
LMQ-7806,2026-06-22,"42,5","241,08",COND-041,191798
LMQ7806,27/06/2026,"47,4","292,80",COND-048,192219
LMQ-7806,2026-06-30,"33,1","203,46",COND-041,192513
LMQ7806,2026-07-04,"36,0","223,90",COND-041,192833
LMQ-7806,10/07/2026,"50,8","286,91",COND-041,193285
LMQ-7806,14/07/2026,"37,8","225,01",COND-048,193621
INT6Y87,17/11/2025,"40,7","225,79",COND-050,154193
INT6Y87,20/11/2025,"37,7","205,73",COND-050,154480
INT-6Y87,25/11/2025,"44,6","256,32",COND-050,154820
INT6Y87,2025-11-28,"33,7","196,48",COND-050,155077
INT-6Y87,01/12/2025,"34,3","208,13",COND-050,155338
INT-6Y87,2025-12-05,"35,7","210,54",COND-050,155610
INT-6Y87,2025-12-08,"37,3","230,25",COND-050,155894
INT-6Y87,2025-12-13,"47,4","274,24",COND-050,156255
INT-6Y87,2025-12-18,"50,8","323,54",COND-050,156642
INT6Y87,2025-12-21,"39,1","217,41",COND-050,156940
INT-6Y87,2025-12-25,"42,7","265,91",COND-050,157265
INT-6Y87,2025-12-29,"39,5","214,99",COND-050,157566
INT6Y87,2026-01-02,"41,6","229,14",COND-050,157883
INT-6Y87,2026-01-07,"49,2","293,82",COND-050,158258
INT6Y87,11/01/2026,"47,6","298,03",COND-050,158621
INT-6Y87,15/01/2026,"35,0","208,92",COND-050,158888
INT6Y87,2026-01-19,"41,9","253,72",COND-050,159207
INT6Y87,23/01/2026,"48,4","298,15",COND-050,159576
INT-6Y87,28/01/2026,"44,2","244,01",COND-050,159913
INT6Y87,2026-02-01,"47,8","293,68",COND-050,160277
INT6Y87,2026-02-06,"49,0","271,11",COND-050,160650
INT-6Y87,2026-02-11,"48,6","269,81",COND-050,161020
INT-6Y87,14/02/2026,"36,1","208,25",COND-050,161295
INT6Y87,2026-02-17,"33,3","212,92",COND-050,161549
INT-6Y87,21/02/2026,"38,1","214,13",COND-050,161839
INT6Y87,2026-02-24,"33,1","204,53",COND-050,162091
INT-6Y87,28/02/2026,"39,9","231,13",COND-050,162395
INT6Y87,2026-03-04,"42,0","244,94",COND-050,162715
INT-6Y87,07/03/2026,"37,0","200,82",COND-050,162997
INT6Y87,2026-03-12,"43,2","268,19",COND-050,163326
INT-6Y87,15/03/2026,"40,2","223,29",COND-050,163632
INT-6Y87,20/03/2026,"48,6","286,09",COND-050,164002
INT-6Y87,24/03/2026,"35,4","223,68",COND-050,164272
INT6Y87,2026-03-27,"36,2","224,83",COND-050,164548
INT6Y87,31/03/2026,"39,4","215,47",COND-050,164848
INT-6Y87,03/04/2026,"33,5","200,09",COND-050,165103
INT-6Y87,07/04/2026,"47,4","279,26",COND-050,165464
INT-6Y87,2026-04-12,"46,1","252,00",COND-050,165815
INT-6Y87,16/04/2026,"43,8","279,11",COND-050,166149
INT-6Y87,2026-04-20,"42,7","257,84",COND-050,166474
INT6Y87,24/04/2026,"36,5","227,93",COND-050,166752
INT-6Y87,29/04/2026,"50,4","321,54",COND-050,167136
INT-6Y87,03/05/2026,"43,7","239,69",COND-050,167469
INT6Y87,07/05/2026,"50,1","291,16",COND-050,167851
INT-6Y87,11/05/2026,"35,3","221,09",COND-050,168120
INT-6Y87,15/05/2026,"39,5","240,43",COND-050,168421
INT-6Y87,2026-05-18,"38,7","218,46",COND-050,168716
INT6Y87,2026-05-22,"35,0","199,06",COND-050,168983
INT-6Y87,2026-05-25,"37,7","215,99",COND-050,169270
INT-6Y87,29/05/2026,"36,4","203,23",COND-050,169547
INT6Y87,2026-06-01,"35,7","196,20",COND-050,169819
INT-6Y87,2026-06-06,"44,6","275,33",COND-050,170159
INT6Y87,10/06/2026,"46,2","286,66",COND-050,170511
INT-6Y87,14/06/2026,"38,1","221,84",COND-050,170801
INT6Y87,2026-06-17,"33,7","182,11",COND-050,171058
INT6Y87,2026-06-21,"43,0","246,87",COND-050,171386
INT-6Y87,25/06/2026,"44,6","267,71",COND-050,171726
INT-6Y87,30/06/2026,"45,5","290,33",COND-050,172073
INT6Y87,2026-07-03,"40,7","237,10",COND-050,172383
INT-6Y87,07/07/2026,"39,4","227,40",COND-050,172683
INT6Y87,11/07/2026,"42,4","263,36",COND-050,173006
CQZ8H45,2025-11-17,"34,7","208,99",COND-040,194318
CQZ-8H45,21/11/2025,"35,4","198,06",COND-033,194627
CQZ-8H45,2025-11-26,"47,1","261,34",COND-033,195039
CQZ8H45,01/12/2025,"42,1","248,32",COND-033,195407
CQZ-8H45,06/12/2025,"45,1","261,39",COND-033,195801
CQZ8H45,12/12/2025,"48,2","261,84",COND-040,196222
CQZ8H45,2025-12-16,"37,4","207,77",COND-040,196549
CQZ-8H45,20/12/2025,"36,5","213,03",COND-033,196868
CQZ-8H45,24/12/2025,"35,6","210,39",COND-040,197179
CQZ-8H45,2025-12-29,"38,6","225,90",COND-040,197516
CQZ-8H45,03/01/2026,"47,7","268,34",COND-033,197933
CQZ8H45,2026-01-08,"40,5","245,78",COND-040,198287
CQZ8H45,12/01/2026,"36,2","196,83",COND-040,198603
CQZ8H45,2026-01-16,"34,6","219,28",COND-033,198905
CQZ-8H45,21/01/2026,"47,9","268,47",COND-033,199324
CQZ8H45,27/01/2026,"49,4","312,20",COND-040,199756
CQZ-8H45,31/01/2026,"37,4","235,06",COND-033,200083
CQZ8H45,06/02/2026,"45,7","267,50",COND-033,200482
CQZ-8H45,09/02/2026,"33,6","182,38",COND-040,200776
CQZ-8H45,2026-02-14,"43,6","236,57",COND-040,201157
CQZ-8H45,2026-02-19,"44,7","274,90",COND-033,201548
CQZ-8H45,2026-02-24,"37,8","218,84",COND-033,201878
CQZ-8H45,2026-03-01,"42,0","267,48",COND-040,202245
CQZ8H45,2026-03-06,"45,9","290,48",COND-040,202646
CQZ8H45,11/03/2026,"47,3","293,47",COND-033,203059
CQZ-8H45,2026-03-17,"50,3","281,90",COND-040,203499
CQZ8H45,2026-03-22,"46,0","252,49",COND-033,203901
CQZ-8H45,2026-03-27,"39,2","239,49",COND-033,204244
CQZ8H45,2026-03-31,"35,7","217,48",COND-040,204556
CQZ8H45,05/04/2026,"45,7","269,12",COND-033,204955
CQZ8H45,11/04/2026,"48,5","267,23",COND-033,205379
CQZ-8H45,16/04/2026,"48,2","288,19",COND-033,205800
CQZ-8H45,2026-04-22,"50,2","296,64",COND-033,206239
CQZ-8H45,26/04/2026,"39,8","231,93",COND-040,206587
CQZ8H45,02/05/2026,"48,6","306,45",COND-040,207012
CQZ8H45,2026-05-06,"38,1","230,04",COND-040,207345
CQZ8H45,2026-05-11,"45,3","279,62",COND-033,207741
CQZ-8H45,16/05/2026,"40,7","230,92",COND-033,208097
CQZ-8H45,2026-05-21,"42,1","247,21",COND-040,208465
CQZ8H45,26/05/2026,"42,3","233,88",COND-040,208835
CQZ8H45,2026-05-30,"36,6","217,89",COND-033,209155
CQZ8H45,03/06/2026,"33,9","216,06",COND-040,209451
CQZ-8H45,07/06/2026,"38,3","240,36",COND-033,209786
CQZ8H45,2026-06-12,"45,7","286,63",COND-040,210185
CQZ-8H45,2026-06-18,"48,7","276,41",COND-033,210611
CQZ8H45,22/06/2026,"36,6","202,64",COND-033,210931
CQZ8H45,27/06/2026,"43,7","269,15",COND-033,211313
CQZ-8H45,02/07/2026,"43,0","267,19",COND-033,211689
CQZ8H45,2026-07-07,"42,3","236,66",COND-033,212059
CQZ-8H45,11/07/2026,"36,7","222,00",COND-033,212380
YCW-0453,18/11/2025,"39,6","220,08",COND-053,171756
YCW-0453,2025-11-23,"48,7","296,63",COND-053,172118
YCW-0453,27/11/2025,"47,0","257,57",COND-053,172467
YCW-0453,01/12/2025,"40,1","235,25",COND-046,172765
YCW0453,05/12/2025,"34,9","220,45",COND-046,173024
YCW0453,2025-12-09,"42,0","240,00",COND-053,173336
YCW0453,14/12/2025,"49,4","308,16",COND-046,173703
YCW-0453,2025-12-17,"35,7","217,42",COND-046,173968
YCW-0453,21/12/2025,"38,2","217,15",COND-053,174252
YCW-0453,2025-12-26,"45,0","276,60",COND-053,174586
YCW0453,2025-12-30,"45,8","257,62",COND-046,174926
YCW0453,03/01/2026,"37,7","224,54",COND-053,175206
YCW-0453,2026-01-08,"50,1","313,94",COND-053,175578
YCW-0453,13/01/2026,"50,7","302,60",COND-053,175955
YCW-0453,2026-01-17,"40,5","228,70",COND-053,176256
YCW0453,2026-01-21,"41,3","258,89",COND-053,176563
YCW-0453,2026-01-25,"37,6","227,82",COND-053,176842
YCW0453,29/01/2026,"37,7","228,64",COND-039,177122
YCW-0453,01/02/2026,"33,1","193,37",COND-053,177368
YCW-0453,2026-02-05,"43,5","274,70",COND-046,177691
YCW0453,10/02/2026,"46,8","254,63",COND-053,178039
YCW0453,14/02/2026,"43,5","259,93",COND-053,178362
YCW-0453,2026-02-19,"46,4","257,50",COND-039,178707
YCW-0453,2026-02-23,"44,7","250,79",COND-039,179039
YCW-0453,2026-02-27,"33,8","189,94",COND-046,179290
YCW0453,03/03/2026,"38,4","208,37",COND-039,179575
YCW-0453,08/03/2026,"50,7","309,51",COND-039,179952
YCW0453,2026-03-11,"36,1","199,38",COND-053,180220
YCW0453,2026-03-16,"49,0","276,69",COND-053,180584
YCW-0453,2026-03-20,"37,6","234,84",COND-039,180863
YCW-0453,2026-03-24,"38,0","238,01",COND-053,181145
YCW-0453,2026-03-27,"34,3","190,71",COND-053,181400
YCW-0453,01/04/2026,"48,7","274,17",COND-039,181762
YCW-0453,2026-04-04,"35,0","222,05",COND-053,182022
YCW0453,2026-04-09,"42,0","252,70",COND-046,182334
YCW0453,13/04/2026,"42,5","256,92",COND-039,182650
YCW0453,2026-04-17,"40,9","251,85",COND-046,182954
YCW0453,22/04/2026,"47,6","285,68",COND-046,183308
YCW0453,2026-04-25,"37,6","203,17",COND-046,183587
YCW0453,30/04/2026,"42,1","238,04",COND-039,183900
YCW-0453,05/05/2026,"50,9","292,63",COND-053,184278
YCW-0453,08/05/2026,"34,6","200,47",COND-053,184535
YCW-0453,2026-05-12,"35,8","219,53",COND-039,184801
YCW-0453,2026-05-15,"36,9","203,27",COND-046,185075
YCW0453,19/05/2026,"42,1","232,04",COND-039,185388
YCW-0453,24/05/2026,"40,4","252,57",COND-046,185688
YCW-0453,27/05/2026,"37,8","204,23",COND-053,185969
YCW0453,01/06/2026,"49,3","297,86",COND-046,186335
YCW0453,2026-06-06,"45,1","246,27",COND-053,186670
YCW-0453,2026-06-10,"47,2","267,29",COND-039,187021
YCW0453,14/06/2026,"39,8","215,86",COND-053,187317
YCW-0453,18/06/2026,"39,0","235,10",COND-039,187607
YCW0453,2026-06-23,"49,4","282,14",COND-039,187974
YCW0453,28/06/2026,"45,0","266,63",COND-039,188308
YCW-0453,03/07/2026,"50,2","310,64",COND-046,188681
YCW0453,07/07/2026,"48,9","270,70",COND-053,189044
YCW-0453,2026-07-12,"47,5","279,16",COND-053,189397
XXP1E25,16/11/2025,"98,0","571,84",COND-019,49521
XXP-1E25,20/11/2025,"102,0","641,75",COND-019,49771
XXP1E25,2025-11-24,"111,8","702,97",COND-019,50045
XXP1E25,2025-11-27,"92,2","530,41",COND-019,50271
XXP-1E25,01/12/2025,"107,3","630,44",COND-019,50534
XXP-1E25,05/12/2025,"122,4","761,10",COND-019,50834
XXP1E25,2025-12-08,"97,6","539,06",COND-019,51073
XXP1E25,12/12/2025,"92,7","558,33",COND-019,51300
XXP-1E25,2025-12-15,"102,9","606,51",COND-019,51552
XXP-1E25,2025-12-19,"109,4","607,97",COND-019,51820
XXP1E25,2025-12-23,"96,3","580,72",COND-019,52056
XXP1E25,27/12/2025,"115,5","720,79",COND-019,52339
XXP-1E25,30/12/2025,"100,0","577,90",COND-019,52584
XXP-1E25,03/01/2026,"101,2","585,89",COND-019,52832
XXP1E25,2026-01-07,"116,3","695,24",COND-019,53117
XXP-1E25,2026-01-12,"120,8","748,48",COND-019,53413
XXP1E25,15/01/2026,"82,9","497,14",COND-019,53616
XXP-1E25,18/01/2026,"109,4","630,38",COND-019,53884
XXP1E25,2026-01-22,"86,5","475,61",COND-019,54096
XXP-1E25,25/01/2026,"102,9","626,86",COND-019,54348
XXP-1E25,29/01/2026,"117,1","738,90",COND-019,54635
XXP-1E25,03/02/2026,"118,4","744,16",COND-019,54925
XXP1E25,2026-02-06,"84,1","503,85",COND-019,55131
XXP1E25,09/02/2026,"96,7","584,35",COND-019,55368
XXP-1E25,2026-02-13,"119,2","690,40",COND-019,55660
XXP1E25,17/02/2026,"103,3","658,76",COND-019,55913
XXP-1E25,2026-02-21,"100,0","594,79",COND-019,56158
XXP1E25,24/02/2026,"99,6","576,10",COND-019,56402
XXP-1E25,2026-02-28,"111,8","660,18",COND-019,56676
XXP-1E25,04/03/2026,"116,3","726,44",COND-019,56961
XXP1E25,2026-03-08,"114,3","683,72",COND-019,57241
XXP1E25,12/03/2026,"117,1","654,59",COND-019,57528
XXP-1E25,16/03/2026,"100,8","611,25",COND-019,57775
XXP1E25,2026-03-20,"122,0","753,08",COND-019,58074
XXP-1E25,24/03/2026,"101,2","626,23",COND-019,58322
XXP1E25,28/03/2026,"97,6","537,37",COND-019,58561
XXP-1E25,2026-03-31,"111,0","620,50",COND-019,58833
XXP-1E25,04/04/2026,"111,8","708,42",COND-019,59107
XXP-1E25,2026-04-08,"108,2","644,69",COND-019,59372
XXP-1E25,2026-04-12,"110,2","677,14",COND-019,59642
XXP-1E25,16/04/2026,"93,9","598,50",COND-019,59872
XXP1E25,2026-04-19,"84,9","512,47",COND-019,60080
XXP1E25,23/04/2026,"113,9","727,89",COND-019,60359
XXP-1E25,27/04/2026,"109,4","599,49",COND-019,60627
XXP1E25,30/04/2026,"91,4","580,71",COND-019,60851
XXP-1E25,04/05/2026,"114,3","663,83",COND-019,61131
XXP-1E25,07/05/2026,"92,7","530,99",COND-019,61358
XXP-1E25,11/05/2026,"92,2","581,39",COND-019,61584
XXP1E25,14/05/2026,"106,1","610,55",COND-019,61844
XXP1E25,2026-05-18,"111,4","664,33",COND-019,62117
XXP-1E25,2026-05-22,"102,0","586,51",COND-019,62367
XXP1E25,25/05/2026,"83,3","477,16",COND-019,62571
XXP-1E25,2026-05-28,"85,3","516,25",COND-019,62780
XXP-1E25,01/06/2026,"124,5","791,45",COND-019,63085
XXP1E25,05/06/2026,"109,8","661,90",COND-019,63354
XXP-1E25,08/06/2026,"85,3","478,53",COND-019,63563
XXP1E25,2026-06-13,"124,1","671,86",COND-019,63867
XXP1E25,16/06/2026,"98,4","583,23",COND-019,64108
XXP1E25,2026-06-20,"103,7","644,71",COND-019,64362
XXP1E25,2026-06-25,"126,5","729,95",COND-019,64672
XXP1E25,2026-06-29,"112,2","688,89",COND-019,64947
XXP-1E25,2026-07-02,"98,0","593,24",COND-019,65187
XXP-1E25,2026-07-06,"115,9","717,54",COND-019,65471
XXP-1E25,2026-07-10,"97,1","540,75",COND-019,65709
XXP-1E25,2026-07-13,"96,3","613,89",COND-019,65945
BVB4P56,2025-11-18,"104,0","635,10",COND-046,88144
BVB4P56,23/11/2025,"85,5","484,86",COND-046,88444
BVB-4P56,2025-11-29,"107,1","642,23",COND-046,88820
BVB4P56,2025-12-06,"114,8","701,92",COND-046,89223
BVB-4P56,2025-12-13,"109,1","694,65",COND-046,89606
BVB-4P56,2025-12-20,"114,5","672,94",COND-046,90008
BVB-4P56,26/12/2025,"98,9","623,97",COND-046,90355
BVB-4P56,2026-01-01,"108,3","627,71",COND-046,90735
BVB4P56,2026-01-08,"106,6","594,10",COND-046,91109
BVB-4P56,2026-01-15,"117,1","674,68",COND-046,91520
BVB4P56,21/01/2026,"107,7","584,50",COND-046,91898
BVB4P56,2026-01-28,"117,7","718,58",COND-046,92311
BVB-4P56,2026-02-03,"94,6","583,35",COND-046,92643
BVB-4P56,09/02/2026,"109,1","595,09",COND-046,93026
BVB4P56,2026-02-15,"88,0","497,87",COND-046,93335
BVB4P56,22/02/2026,"118,2","737,37",COND-046,93750
BVB4P56,2026-03-01,"121,4","745,64",COND-046,94176
BVB4P56,08/03/2026,"109,4","648,59",COND-046,94560
BVB-4P56,2026-03-15,"118,8","647,92",COND-046,94977
BVB-4P56,2026-03-20,"85,8","547,11",COND-046,95278
BVB-4P56,26/03/2026,"93,4","594,73",COND-046,95606
BVB4P56,2026-03-31,"83,5","497,11",COND-046,95899
BVB-4P56,2026-04-05,"97,4","572,98",COND-046,96241
BVB4P56,2026-04-12,"109,4","618,23",COND-046,96625
BVB-4P56,17/04/2026,"82,3","463,26",COND-046,96914
BVB-4P56,2026-04-22,"89,7","540,52",COND-046,97229
BVB4P56,30/04/2026,"122,2","773,11",COND-046,97658
BVB4P56,2026-05-05,"86,3","486,04",COND-046,97961
BVB4P56,11/05/2026,"99,4","569,14",COND-046,98310
BVB-4P56,18/05/2026,"126,5","711,08",COND-046,98754
BVB4P56,24/05/2026,"88,0","508,89",COND-046,99063
BVB-4P56,30/05/2026,"108,5","630,02",COND-046,99444
BVB-4P56,2026-06-05,"94,6","516,69",COND-046,99776
BVB-4P56,2026-06-12,"114,8","728,68",COND-046,100179
BVB-4P56,2026-06-19,"112,3","630,79",COND-046,100573
BVB-4P56,2026-06-26,"118,2","692,87",COND-046,100988
BVB4P56,2026-07-01,"87,5","556,14",COND-046,101295
BVB4P56,2026-07-08,"118,2","662,89",COND-046,101710
UWN-0418,2025-11-16,"83,2","476,58",COND-014,127531
UWN0418,23/11/2025,"119,9","739,67",COND-014,127970
UWN-0418,30/11/2025,"103,8","595,34",COND-014,128350
UWN0418,05/12/2025,"97,5","551,47",COND-014,128707
UWN0418,2025-12-11,"94,5","514,53",COND-014,129053
UWN0418,2025-12-17,"97,5","540,87",COND-014,129410
UWN0418,2025-12-24,"112,8","669,06",COND-014,129823
UWN-0418,2025-12-30,"99,5","605,96",COND-014,130187
UWN0418,2026-01-05,"100,3","542,30",COND-014,130554
UWN-0418,11/01/2026,"95,4","610,35",COND-014,130903
UWN-0418,2026-01-18,"120,8","689,12",COND-014,131345
UWN-0418,2026-01-23,"88,3","514,11",COND-014,131668
UWN0418,29/01/2026,"88,5","498,50",COND-014,131992
UWN0418,04/02/2026,"101,4","619,85",COND-014,132363
UWN-0418,2026-02-11,"120,8","739,78",COND-014,132805
UWN0418,2026-02-18,"115,0","690,10",COND-014,133226
UWN0418,2026-02-26,"127,3","761,07",COND-014,133692
UWN-0418,05/03/2026,"120,8","767,63",COND-014,134134
UWN0418,2026-03-12,"108,7","635,82",COND-014,134532
UWN0418,20/03/2026,"124,3","723,10",COND-014,134987
UWN0418,2026-03-26,"106,3","576,34",COND-014,135376
UWN-0418,02/04/2026,"115,6","699,32",COND-014,135799
UWN0418,07/04/2026,"87,4","557,01",COND-014,136119
UWN0418,13/04/2026,"94,0","548,62",COND-014,136463
UWN-0418,18/04/2026,"85,5","496,14",COND-014,136776
UWN0418,24/04/2026,"89,6","542,87",COND-014,137104
UWN0418,2026-04-30,"107,4","632,88",COND-014,137497
UWN0418,2026-05-05,"88,3","554,87",COND-014,137820
UWN-0418,2026-05-11,"99,2","569,80",COND-014,138183
UWN0418,18/05/2026,"109,6","635,94",COND-014,138584
UWN0418,2026-05-24,"90,2","543,31",COND-014,138914
UWN0418,30/05/2026,"112,0","672,16",COND-014,139324
UWN-0418,06/06/2026,"113,4","693,51",COND-014,139739
UWN0418,12/06/2026,"92,1","515,59",COND-014,140076
UWN-0418,19/06/2026,"112,0","616,57",COND-014,140486
UWN-0418,24/06/2026,"91,0","581,37",COND-014,140819
UWN0418,2026-06-30,"91,3","527,15",COND-014,141153
UWN-0418,2026-07-06,"98,6","594,16",COND-014,141514
UWN0418,2026-07-12,"107,9","613,94",COND-014,141909
KAJ9N81,2025-11-18,"114,6","641,41",COND-050,175231
KAJ9N81,2025-11-23,"105,4","659,11",COND-050,175698
KAJ9N81,2025-11-28,"84,7","495,35",COND-043,176073
KAJ9N81,05/12/2025,"122,1","760,28",COND-043,176614
KAJ-9N81,2025-12-11,"107,7","587,46",COND-043,177091
KAJ9N81,16/12/2025,"98,4","615,99",COND-050,177527
KAJ9N81,21/12/2025,"93,2","569,44",COND-043,177940
KAJ9N81,27/12/2025,"109,9","674,76",COND-050,178427
KAJ9N81,2026-01-01,"89,6","495,73",COND-043,178824
KAJ-9N81,06/01/2026,"87,6","523,35",COND-050,179212
KAJ-9N81,2026-01-11,"94,4","588,01",COND-050,179630
KAJ9N81,2026-01-17,"113,3","620,80",COND-050,180132
KAJ9N81,23/01/2026,"102,9","623,54",COND-043,180588
KAJ9N81,28/01/2026,"102,7","562,04",COND-050,181043
KAJ-9N81,03/02/2026,"100,2","579,84",COND-050,181487
KAJ9N81,2026-02-08,"96,4","537,19",COND-050,181914
KAJ-9N81,14/02/2026,"102,9","589,31",COND-043,182370
KAJ-9N81,2026-02-21,"124,2","761,43",COND-043,182920
KAJ-9N81,26/02/2026,"101,6","576,76",COND-043,183370
KAJ-9N81,2026-03-04,"98,6","597,32",COND-050,183807
KAJ-9N81,2026-03-10,"111,3","655,36",COND-043,184300
KAJ-9N81,15/03/2026,"95,3","598,29",COND-050,184722
KAJ-9N81,21/03/2026,"106,5","611,29",COND-043,185194
KAJ9N81,2026-03-25,"84,0","466,84",COND-043,185566
KAJ9N81,31/03/2026,"104,3","603,30",COND-043,186028
KAJ9N81,2026-04-06,"112,0","658,46",COND-043,186524
KAJ-9N81,13/04/2026,"119,4","666,75",COND-050,187053
KAJ-9N81,2026-04-19,"123,5","781,19",COND-050,187600
KAJ9N81,25/04/2026,"106,5","662,73",COND-043,188072
KAJ-9N81,02/05/2026,"125,5","731,14",COND-043,188628
KAJ-9N81,08/05/2026,"99,5","631,33",COND-043,189069
KAJ-9N81,13/05/2026,"107,0","591,55",COND-050,189543
KAJ-9N81,2026-05-19,"94,1","509,48",COND-050,189960
KAJ-9N81,2026-05-25,"122,8","711,00",COND-050,190504
KAJ-9N81,01/06/2026,"116,9","694,08",COND-050,191022
KAJ9N81,2026-06-07,"106,8","578,18",COND-050,191495
KAJ9N81,2026-06-13,"108,8","610,53",COND-050,191977
KAJ9N81,19/06/2026,"109,3","662,16",COND-043,192461
KAJ-9N81,25/06/2026,"121,9","714,51",COND-050,193001
KAJ9N81,30/06/2026,"95,0","560,16",COND-043,193422
KAJ9N81,2026-07-07,"127,1","706,87",COND-050,193985
KAJ-9N81,13/07/2026,"111,5","681,88",COND-050,194479
